Date,open,high,low,close,volume,dividends,stock splits,capital gains
2024-09-12 00:00:00-04:00,37.347120567124975,38.69145880779143,37.30786888659184,38.47557830810547,35275900,0.0,0.0,0.0
2024-09-13 00:00:00-04:00,39.05452700391554,39.466662157842705,39.02509011550868,39.33909606933594,27456000,0.0,0.0,0.0
2024-09-16 00:00:00-04:00,39.25078158739606,39.47647313233404,38.8386501774866,39.14284133911133,12162500,0.0,0.0,0.0
2024-09-17 00:00:00-04:00,38.95640139791089,39.329284870370444,38.57370687710202,38.750335693359375,17906900,0.0,0.0,0.0
2024-09-18 00:00:00-04:00,39.01527387303672,40.22223865828242,38.28913653553099,38.32838821411133,41241400,0.0,0.0,0.0
2024-09-19 00:00:00-04:00,39.34890433192765,39.49609625003362,38.52463782567537,38.97602462768555,22284500,0.0,0.0,0.0
2024-09-20 00:00:00-04:00,39.643288020624965,39.91804227393802,39.3096562516394,39.751224517822266,28604400,0.0,0.0,0.0
2024-09-23 00:00:00-04:00,39.78066974824181,40.418492730523155,39.54516340155955,39.57460403442383,19153300,0.0,0.0,0.0
2024-09-24 00:00:00-04:00,39.97692389657039,40.811001533098825,39.584414571588574,40.63437271118164,27422400,0.0,0.0,0.0
2024-09-25 00:00:00-04:00,40.52643246150749,40.90912699459682,40.40868116130608,40.53624725341797,18581100,0.0,0.0,0.0
2024-09-26 00:00:00-04:00,40.84043580619127,41.16425654004501,40.447930249598805,40.86006164550781,21027600,0.0,0.0,0.0
2024-09-27 00:00:00-04:00,40.6147485535486,40.80119217510143,39.55497932137852,39.604042053222656,25323400,0.0,0.0,0.0
2024-09-30 00:00:00-04:00,39.348904339839905,39.4274076943778,38.61295223565402,39.07415008544922,24523200,0.0,0.0,0.0
2024-10-01 00:00:00-04:00,39.55497516290236,39.996543446323344,39.21152858960747,39.692352294921875,22975900,0.0,0.0,0.0
2024-10-02 00:00:00-04:00,39.74141572613478,40.02598478650347,39.2998436916396,39.61384963989258,13265800,0.0,0.0,0.0
2024-10-03 00:00:00-04:00,39.10358844513106,39.123214284505,38.612953690520904,38.81902313232422,17147200,0.0,0.0,0.0
2024-10-04 00:00:00-04:00,38.90733711205547,39.437219796368,38.61295326791443,38.809207916259766,15816800,0.0,0.0,0.0
2024-10-07 00:00:00-04:00,38.55407854012783,38.563889587841715,38.102695480369825,38.298946380615234,15133300,0.0,0.0,0.0
2024-10-08 00:00:00-04:00,37.95550587205806,38.2695118234575,37.66112576052686,38.259700775146484,16180400,0.0,0.0,0.0
2024-10-09 00:00:00-04:00,37.71999946277178,38.063446044921875,37.45505623994041,38.063446044921875,16477900,0.0,0.0,0.0
2024-10-10 00:00:00-04:00,38.25970023905384,39.14284056127293,38.0438197467743,39.12321472167969,22975000,0.0,0.0,0.0
2024-10-11 00:00:00-04:00,39.28022080802138,39.70216703459876,39.240972868970765,39.29984664916992,12060100,0.0,0.0,0.0
2024-10-14 00:00:00-04:00,39.182091969408965,39.554975432608806,38.936774591059674,39.40778350830078,7455300,0.0,0.0,0.0
2024-10-15 00:00:00-04:00,39.37834754752408,39.91804504394531,39.221344571415244,39.91804504394531,19942200,0.0,0.0,0.0
2024-10-16 00:00:00-04:00,40.37924378025899,40.938567128461194,40.12411159914265,40.232051849365234,20379100,0.0,0.0,0.0
2024-10-17 00:00:00-04:00,40.58530547357635,41.10537708965371,40.408676671277256,40.71287155151367,22965700,0.0,0.0,0.0
2024-10-18 00:00:00-04:00,41.21332016209325,42.49878459090811,41.03669134765315,42.34178161621094,31223500,0.0,0.0,0.0
2024-10-21 00:00:00-04:00,42.930540693162776,43.18566911653958,42.27309192387703,42.41046905517578,21060600,0.0,0.0,0.0
2024-10-22 00:00:00-04:00,42.70484829520069,43.39173768107893,42.70484829520069,43.2641716003418,21161600,0.0,0.0,0.0
2024-10-23 00:00:00-04:00,42.685224810982454,42.979604923098606,42.10627563508066,42.4497184753418,22959800,0.0,0.0,0.0
2024-10-24 00:00:00-04:00,42.65578644460384,42.69503437981205,40.62455887516995,41.340885162353516,31946100,0.0,0.0,0.0
2024-10-25 00:00:00-04:00,41.12500564161558,41.3703230228572,40.63437087913234,40.78156280517578,21541200,0.0,0.0,0.0
2024-10-28 00:00:00-04:00,40.5558711870965,40.85025129538173,40.45774198883731,40.58530807495117,14784900,0.0,0.0,0.0
2024-10-29 00:00:00-04:00,41.017064002522595,41.340884731526785,40.70305806465273,41.23294448852539,20281300,0.0,0.0,0.0
2024-10-30 00:00:00-04:00,41.16425531992215,41.17406636766656,40.2614854543503,40.73249435424805,18161400,0.0,0.0,0.0
2024-10-31 00:00:00-04:00,40.065235321195104,40.124109095281675,39.123213760103276,39.58441162109375,27998400,0.0,0.0,0.0
2024-11-01 00:00:00-04:00,39.731603729001094,40.055420717732964,39.10358810424805,39.10358810424805,14358100,0.0,0.0,0.0
2024-11-04 00:00:00-05:00,39.51572524068624,39.61385069842,38.956401896461976,39.15265655517578,13299700,0.0,0.0,0.0
2024-11-05 00:00:00-05:00,39.613851125574165,39.77085410558891,39.12321634512231,39.35872268676758,16833300,0.0,0.0,0.0
2024-11-06 00:00:00-05:00,37.494309732305645,38.259702549682146,36.85648675161267,37.916255950927734,44258400,0.0,0.0,0.0
2024-11-07 00:00:00-05:00,38.26951120780624,39.05452607367611,38.0045679887165,38.828834533691406,26922000,0.0,0.0,0.0
2024-11-08 00:00:00-05:00,38.49520450377734,38.60314475461687,37.906444263329746,38.28913879394531,22864200,0.0,0.0,0.0
2024-11-11 00:00:00-05:00,36.719104980389616,37.02329989024892,35.51214387597437,36.042030334472656,45733600,0.0,0.0,0.0
2024-11-12 00:00:00-05:00,35.59064248459614,35.77708232772871,35.001878583803226,35.43363952636719,37430800,0.0,0.0,0.0
2024-11-13 00:00:00-05:00,35.72802134087486,35.95371287034063,34.893943786621094,34.893943786621094,24799000,0.0,0.0,0.0
2024-11-14 00:00:00-05:00,34.64862873581254,35.29626648119005,34.530873696110284,35.05094909667969,34765200,0.0,0.0,0.0
2024-11-15 00:00:00-05:00,35.25701429696075,35.502331677962005,34.73694264707685,34.844879150390625,20360400,0.0,0.0,0.0
2024-11-18 00:00:00-05:00,35.865397469365824,36.58172371509153,35.796708907669235,36.326595306396484,33546000,0.0,0.0,0.0
2024-11-19 00:00:00-05:00,36.7877957530795,37.21955299197828,36.522852534921334,37.17049026489258,22829200,0.0,0.0,0.0
2024-11-20 00:00:00-05:00,37.02329981804151,37.14105111639604,36.807419318352956,37.01348876953125,16236500,0.0,0.0,0.0
2024-11-21 00:00:00-05:00,37.405991379306855,37.48449473414975,36.88591975483365,37.42561721801758,21175800,0.0,0.0,0.0
2024-11-22 00:00:00-05:00,37.74943951454076,37.84756496893636,37.307867483268296,37.56299591064453,19691300,0.0,0.0,0.0
2024-11-25 00:00:00-05:00,36.29715920758577,36.542476574175105,36.09108977478381,36.4443473815918,31492500,0.0,0.0,0.0
2024-11-26 00:00:00-05:00,36.41491247726645,36.70929258454565,36.140158209572014,36.5915412902832,9924400,0.0,0.0,0.0
2024-11-27 00:00:00-05:00,37.04292288108341,37.258803364586726,36.62097670509748,36.74854278564453,15286800,0.0,0.0,0.0
2024-11-29 00:00:00-05:00,37.0134902550971,37.14105260708172,36.79760974674401,36.954612731933594,7275300,0.0,0.0,0.0
2024-12-02 00:00:00-05:00,36.47378381312327,36.670038452597744,36.0224007626041,36.14015579223633,16539100,0.0,0.0,0.0
2024-12-03 00:00:00-05:00,36.40509818620307,37.4059935593056,36.40509818620307,36.99386215209961,18593800,0.0,0.0,0.0
2024-12-04 00:00:00-05:00,37.07236169473264,37.298053237742444,36.84667015172283,36.89573287963867,8149100,0.0,0.0,0.0
2024-12-05 00:00:00-05:00,36.93498569134481,37.27843228377486,36.44435091065586,36.82704544067383,9910000,0.0,0.0,0.0
2024-12-06 00:00:00-05:00,36.709293572844885,36.709293572844885,36.05184477366283,36.13034439086914,13455700,0.0,0.0,0.0
2024-12-09 00:00:00-05:00,37.30786853250994,38.14194614806842,37.199928283691406,37.199928283691406,30314300,0.0,0.0,0.0
2024-12-10 00:00:00-05:00,37.68075086535739,37.798502159023656,37.19992715608042,37.26861572265625,13338500,0.0,0.0,0.0
2024-12-11 00:00:00-05:00,37.523748626327766,38.436325849140324,37.36674565062122,38.357826232910156,21116900,0.0,0.0,0.0
2024-12-12 00:00:00-05:00,37.5924394648424,37.70037597577251,36.91536104982459,36.954612731933594,22705200,0.0,0.0,0.0
2024-12-13 00:00:00-05:00,36.54248069429713,36.67985783615692,35.80652851155139,35.963531494140625,19521400,0.0,0.0,0.0
2024-12-16 00:00:00-05:00,36.16959206388466,36.208843739762266,35.61026878398919,35.737831115722656,11421200,0.0,0.0,0.0
2024-12-17 00:00:00-05:00,35.31589127420302,35.6298972176079,35.119636623763434,35.512142181396484,14782900,0.0,0.0,0.0
2024-12-18 00:00:00-05:00,35.306077509393866,35.41401775743622,33.71642190678282,33.883235931396484,32773200,0.0,0.0,0.0
2024-12-19 00:00:00-05:00,34.06967796796257,34.29536950198527,33.54960259167491,33.74585723876953,22161700,0.0,0.0,0.0
2024-12-20 00:00:00-05:00,33.853799116699314,34.46218518315134,33.7949215967538,34.079490661621094,27872000,0.0,0.0,0.0
2024-12-23 00:00:00-05:00,33.98318949606563,34.23138691025295,33.63571463108016,34.16189193725586,14593200,0.403,0.0,0.0
2024-12-24 00:00:00-05:00,34.271099405449,34.33066814824308,33.89383827547051,34.16189193725586,5322000,0.0,0.0,0.0
2024-12-26 00:00:00-05:00,34.281023386753105,34.5093645383628,34.112250974029664,34.221458435058594,8720800,0.0,0.0,0.0
2024-12-27 00:00:00-05:00,33.834271327229175,34.13210744927478,33.586073927659214,34.012969970703125,10587100,0.0,0.0,0.0
2024-12-30 00:00:00-05:00,33.65556822220559,33.76477189458716,33.179025891851,33.52650451660156,18268000,0.0,0.0,0.0
2024-12-31 00:00:00-05:00,33.40737318394915,33.80448677099888,33.35773067177497,33.665496826171875,8034600,0.0,0.0,0.0
2025-01-02 00:00:00-05:00,34.21153006163374,35.144754746386255,34.191673814384544,35.08518600463867,24527000,0.0,0.0,0.0
2025-01-03 00:00:00-05:00,34.97597987368811,35.04547484811753,34.7178562239777,34.74763870239258,13694400,0.0,0.0,0.0
2025-01-06 00:00:00-05:00,34.74763539527013,34.96605031537032,34.271096850026574,34.330665588378906,13039000,0.0,0.0,0.0
2025-01-07 00:00:00-05:00,34.99583422533401,35.601436501567086,34.61857310802307,34.79727554321289,16976300,0.0,0.0,0.0
2025-01-08 00:00:00-05:00,35.164605280034806,35.7106425814945,35.00575909793518,35.64114761352539,25009000,0.0,0.0,0.0
2025-01-10 00:00:00-05:00,36.395667241282965,36.633938415947014,35.48230261065308,35.71064376831055,19827300,0.0,0.0,0.0
2025-01-13 00:00:00-05:00,35.37309440243019,35.402876878439585,34.846913340716306,35.12489700317383,15738500,0.0,0.0,0.0
2025-01-14 00:00:00-05:00,35.253959726630185,36.14747194986227,35.253959726630185,36.05812072753906,16157700,0.0,0.0,0.0
2025-01-15 00:00:00-05:00,36.52472949509453,36.65378941349732,35.92905347579117,36.45523452758789,17436900,0.0,0.0,0.0
2025-01-16 00:00:00-05:00,36.70343184050451,36.901986725972165,36.31624451177421,36.355953216552734,13483600,0.0,0.0,0.0
2025-01-17 00:00:00-05:00,36.06804984816046,36.75307334414137,35.859561143129774,36.48501968383789,16420400,0.0,0.0,0.0
2025-01-21 00:00:00-05:00,36.84242279464766,37.676366213138984,36.84242279464766,37.33881759643555,26496400,0.0,0.0,0.0
2025-01-22 00:00:00-05:00,37.72600409991031,37.775642821550804,37.04098065201148,37.25939178466797,12555800,0.0,0.0,0.0
2025-01-23 00:00:00-05:00,36.85234933021129,37.24946668981458,36.57436945080408,37.229610443115234,12871700,0.0,0.0,0.0
2025-01-24 00:00:00-05:00,37.71608120908333,37.88485363503905,37.56716124378777,37.676368713378906,13728000,0.0,0.0,0.0
2025-01-27 00:00:00-05:00,37.318963476057256,37.318963476057256,36.58429746119101,37.080692291259766,15489400,0.0,0.0,0.0
2025-01-28 00:00:00-05:00,37.209754323242834,37.51752046734398,36.94170067267574,37.42816925048828,10986700,0.0,0.0,0.0
2025-01-29 00:00:00-05:00,37.3884568830453,37.97420290947653,37.179971972076174,37.62672805786133,11319800,0.0,0.0,0.0
2025-01-30 00:00:00-05:00,38.38124662943799,39.4435312218478,38.29189541198333,39.135765075683594,28590100,0.0,0.0,0.0
2025-01-31 00:00:00-05:00,39.23504835848463,39.39389455478651,38.52023858153015,38.67908477783203,19903100,0.0,0.0,0.0
2025-02-03 00:00:00-05:00,38.93720877452877,39.632158454970174,38.698937607526204,39.274757385253906,20541800,0.0,0.0,0.0
2025-02-04 00:00:00-05:00,39.5825211521222,39.89028729820217,39.383962470367116,39.74136734008789,12813100,0.0,0.0,0.0
2025-02-05 00:00:00-05:00,40.07891619951086,41.230552015858514,40.05905995249894,40.74408721923828,25371500,0.0,0.0,0.0
2025-02-06 00:00:00-05:00,40.7738701316191,40.86322135053102,40.37675276152349,40.833438873291016,12224900,0.0,0.0,0.0
2025-02-07 00:00:00-05:00,41.210694882781716,41.448966054609734,40.55545389424442,40.56538391113281,19136200,0.0,0.0,0.0
2025-02-10 00:00:00-05:00,41.64752539978322,41.90564903513536,41.49860544160846,41.65745162963867,25509400,0.0,0.0,0.0
2025-02-11 00:00:00-05:00,41.41918469175784,41.59788712863478,41.091562295086156,41.14120101928711,15264200,0.0,0.0,0.0
2025-02-12 00:00:00-05:00,41.06178060902384,42.17370395875134,40.803653178699264,41.826229095458984,21179300,0.0,0.0,0.0
2025-02-13 00:00:00-05:00,41.95528618535438,42.28290856617534,41.41918268785274,42.20348358154297,17219600,0.0,0.0,0.0
2025-02-14 00:00:00-05:00,42.29283506342544,42.35240380227686,40.704373232638204,40.78379821777344,26322400,0.0,0.0,0.0
2025-02-18 00:00:00-05:00,41.33975977890577,41.419184767526104,40.84336496160442,41.240482330322266,21365800,0.0,0.0,0.0
2025-02-19 00:00:00-05:00,41.05184987594493,41.39932852037102,40.81358248446775,41.240482330322266,12767300,0.0,0.0,0.0
2025-02-20 00:00:00-05:00,41.40925516191965,42.2630548621146,41.339760189782105,41.9354362487793,16326300,0.0,0.0,0.0
2025-02-21 00:00:00-05:00,41.717022011710384,41.726948241956386,40.45617868771607,40.50581741333008,31767300,0.0,0.0,0.0
2025-02-24 00:00:00-05:00,40.87314595440951,40.87314595440951,40.03920632733246,40.674591064453125,12704000,0.0,0.0,0.0
2025-02-25 00:00:00-05:00,40.36682416980468,40.49588787561353,39.2449708840329,40.088844299316406,20002900,0.0,0.0,0.0
2025-02-26 00:00:00-05:00,39.52295558216781,40.81358131265742,39.44353059582787,40.56538391113281,12880600,0.0,0.0,0.0
2025-02-27 00:00:00-05:00,39.910142032715065,40.16826565818086,39.135763581934256,39.17547607421875,21976300,0.0,0.0,0.0
2025-02-28 00:00:00-05:00,38.579805508969805,39.44353142399681,38.30182562532706,39.4336051940918,15602200,0.0,0.0,0.0
2025-03-03 00:00:00-05:00,40.09877279257287,40.56538513339991,39.2251168524686,39.423675537109375,16743500,0.0,0.0,0.0
2025-03-04 00:00:00-05:00,40.158343016671154,40.46610539139388,39.20526583984042,39.989566802978516,18770600,0.0,0.0,0.0
2025-03-05 00:00:00-05:00,39.91014195154834,41.41918257056476,39.900211934901556,41.39932632446289,18539800,0.0,0.0,0.0
2025-03-06 00:00:00-05:00,41.07170525198786,41.63759502873378,40.763942895591335,41.0617790222168,16373000,0.0,0.0,0.0
2025-03-07 00:00:00-05:00,41.121344894893845,42.00493085195214,40.62495007701908,41.339759826660156,17132100,0.0,0.0,0.0
2025-03-10 00:00:00-04:00,41.08163667196549,41.30004781911434,39.91014458499712,40.2179069519043,20333800,0.0,0.0,0.0
2025-03-11 00:00:00-04:00,40.605097737059175,41.73687731920842,40.55545522537143,41.5383186340332,22449300,0.0,0.0,0.0
2025-03-12 00:00:00-04:00,41.16105529057591,41.80637003578729,40.922787910972,41.59788513183594,17152200,0.0,0.0,0.0
2025-03-13 00:00:00-04:00,41.8758654288374,43.22605988427059,41.76665796741386,42.8984375,30784900,0.0,0.0,0.0
2025-03-14 00:00:00-04:00,43.46433021781285,43.55368143893676,42.89844041309207,43.325340270996094,23488100,0.0,0.0,0.0
2025-03-17 00:00:00-04:00,43.54375459674717,44.30820308068839,43.45440337687892,44.248634338378906,18558800,0.0,0.0,0.0
2025-03-18 00:00:00-04:00,45.11235733418058,45.3208460250891,44.36776514617052,44.526611328125,21782900,0.0,0.0,0.0
2025-03-19 00:00:00-04:00,44.54646857934409,44.953512166485815,44.21884997856749,44.903873443603516,17130700,0.0,0.0,0.0
2025-03-20 00:00:00-04:00,44.32806004091528,45.013083546125635,44.06000637700027,44.834381103515625,10082900,0.0,0.0,0.0
2025-03-21 00:00:00-04:00,44.21885067740392,44.30820189488089,43.52389718449329,44.17913818359375,18163600,0.0,0.0,0.0
2025-03-24 00:00:00-04:00,44.238708693952766,44.43726359656255,43.87137379230225,43.93094253540039,14465100,0.0,0.0,0.0
2025-03-25 00:00:00-04:00,44.546468837244454,45.29106104636511,44.53654260748725,44.69538879394531,16156900,0.0,0.0,0.0
2025-03-26 00:00:00-04:00,44.89394917181115,44.96344414431553,44.238708154489885,44.3479118347168,10123300,0.0,0.0,0.0
2025-03-27 00:00:00-04:00,44.89394639680039,45.569043619849396,44.59610649054391,45.430049896240234,16699400,0.0,0.0,0.0
2025-03-28 00:00:00-04:00,45.76760186911212,46.60154533605643,45.11236084416959,45.241424560546875,21557400,0.0,0.0,0.0
2025-03-31 00:00:00-04:00,45.66832465338286,45.76760210514384,44.17914015381603,45.63854217529297,22217500,0.0,0.0,0.0
2025-04-01 00:00:00-04:00,45.59882842295841,45.926447034493734,45.01308238445157,45.469764709472656,17174800,0.0,0.0,0.0
2025-04-02 00:00:00-04:00,45.43997991295104,45.67824729332614,44.79466516565098,45.430049896240234,15903800,0.0,0.0,0.0
2025-04-03 00:00:00-04:00,43.54375341023704,46.37320231697945,43.2161310172501,45.390342712402344,30543000,0.0,0.0,0.0
2025-04-04 00:00:00-04:00,44.159280947368664,44.248632162843855,41.16105590132445,41.37947082519531,59893500,0.0,0.0,0.0
2025-04-07 00:00:00-04:00,40.41646468807314,43.384907330488346,39.969708599791005,41.15113067626953,33751700,0.0,0.0,0.0
2025-04-08 00:00:00-04:00,42.958009503292644,43.21613315129596,40.88307894015592,41.20077133178711,22508400,0.0,0.0,0.0
2025-04-09 00:00:00-04:00,42.958008064186025,45.00315608059174,42.46161324549267,44.66560745239258,47895600,0.0,0.0,0.0
2025-04-10 00:00:00-04:00,44.943585609313686,47.31635214540173,44.83437814745327,46.82988357543945,36181600,0.0,0.0,0.0
2025-04-11 00:00:00-04:00,48.51762709441572,49.78840036825703,48.50770086469768,49.341644287109375,40991500,0.0,0.0,0.0
2025-04-14 00:00:00-04:00,48.59705152440832,49.83803852050051,48.07087046277484,49.65933609008789,20729500,0.0,0.0,0.0
2025-04-15 00:00:00-04:00,50.106092091536,50.37414573675592,49.54020232513563,50.16565704345703,14842000,0.0,0.0,0.0
2025-04-16 00:00:00-04:00,51.9328267467419,52.429221560193945,50.92018087283671,51.535709381103516,36630500,0.0,0.0,0.0
2025-04-17 00:00:00-04:00,51.138591021193314,51.22794223736513,50.00681147447819,50.5528450012207,25661200,0.0,0.0,0.0
2025-04-21 00:00:00-04:00,52.28030339385475,52.866049445299744,50.582633982565575,51.287513732910156,36299300,0.0,0.0,0.0
2025-04-22 00:00:00-04:00,51.52578132732847,51.57542004947822,49.65933583440207,49.867820739746094,38019600,0.0,0.0,0.0
2025-04-23 00:00:00-04:00,47.58440825811834,48.825395321417496,47.425562065503726,48.378639221191406,38934600,0.0,0.0,0.0
2025-04-24 00:00:00-04:00,49.25229461133314,49.46077952665885,48.44813364011579,49.40121078491211,22803300,0.0,0.0,0.0
2025-04-25 00:00:00-04:00,47.87231520907327,48.54741243278849,47.73332527251868,48.45806121826172,19299600,0.0,0.0,0.0
2025-04-28 00:00:00-04:00,48.19001094922774,49.07359313964844,47.96166978215659,49.07359313964844,15128300,0.0,0.0,0.0
2025-04-29 00:00:00-04:00,48.42827588336715,48.8551757179326,48.051018558972594,48.13043975830078,13110200,0.0,0.0,0.0
2025-04-30 00:00:00-04:00,47.65390038993041,48.67647245722965,47.64397416038021,48.6566162109375,15832300,0.0,0.0,0.0
2025-05-01 00:00:00-04:00,47.20714741130086,47.29649863187763,46.55190638946849,46.85967254638672,27130000,0.0,0.0,0.0
2025-05-02 00:00:00-04:00,47.50498038799924,47.76310780234276,46.39305710711259,46.740535736083984,14244100,0.0,0.0,0.0
2025-05-05 00:00:00-04:00,48.51762955538109,48.547415820429656,47.70354233830423,48.36871337890625,20923200,0.0,0.0,0.0
2025-05-06 00:00:00-04:00,49.55013022943977,50.463498657414156,49.014022920880365,50.42378616333008,31155000,0.0,0.0,0.0
2025-05-07 00:00:00-04:00,49.18279740822533,49.91745958714525,48.93460000966205,49.460777282714844,22412000,0.0,0.0,0.0
2025-05-08 00:00:00-04:00,49.49056072294576,49.689119403103575,48.368711186358986,48.527557373046875,20400400,0.0,0.0,0.0
2025-05-09 00:00:00-04:00,49.26222082016616,50.10609428551825,48.755899770708446,50.006813049316406,20695300,0.0,0.0,0.0
2025-05-12 00:00:00-04:00,47.713471118656855,47.73332736577709,46.01579796819984,46.283851623535156,42761600,0.0,0.0,0.0
2025-05-13 00:00:00-04:00,46.383132060277255,46.41291453684871,45.82716851206177,46.204429626464844,22356300,0.0,0.0,0.0
2025-05-14 00:00:00-04:00,45.18185275389837,45.33077270786624,44.77480917187015,45.22156524658203,26797000,0.0,0.0,0.0
2025-05-15 00:00:00-04:00,45.7179629130896,46.26399646659127,45.281136827726655,46.15479278564453,23456700,0.0,0.0,0.0
2025-05-16 00:00:00-04:00,45.082576555788954,46.015797436505586,44.923730367854375,45.99594497680664,17272000,0.0,0.0,0.0
2025-05-19 00:00:00-04:00,46.76038986468104,47.05822978220242,46.31363756278271,46.998661041259766,19577600,0.0,0.0,0.0
2025-05-20 00:00:00-04:00,47.08801052458181,48.46798744779059,46.91923432505714,48.45806121826172,26942300,0.0,0.0,0.0
2025-05-21 00:00:00-04:00,48.7261178888157,49.34164641202048,48.61691042125525,49.083518981933594,23175400,0.0,0.0,0.0
2025-05-22 00:00:00-04:00,48.924671123600845,49.21258102151422,48.34885511496594,48.82539367675781,16934800,0.0,0.0,0.0
2025-05-23 00:00:00-04:00,49.98695461331042,50.423784459087365,49.39128237094953,50.16565704345703,24171600,0.0,0.0,0.0
2025-05-27 00:00:00-04:00,49.05373556840364,49.94724775213087,48.98424059713506,49.41114044189453,20431100,0.0,0.0,0.0
2025-05-28 00:00:00-04:00,49.560057695972816,49.99688756741356,49.421067750402386,49.98695755004883,13211000,0.0,0.0,0.0
2025-05-29 00:00:00-04:00,50.22522754401912,50.473424951572646,49.579912769503196,49.91746139526367,11852300,0.0,0.0,0.0
2025-05-30 00:00:00-04:00,49.4905629126844,50.35429264150834,49.36150298398454,50.28479766845703,16795500,0.0,0.0,0.0
2025-06-02 00:00:00-04:00,51.3470795830363,53.44186625555881,51.28751084334663,53.38229751586914,39386800,0.0,0.0,0.0
2025-06-03 00:00:00-04:00,52.478861745294225,52.70720291137695,51.99239314820183,52.70720291137695,24482500,0.0,0.0,0.0
2025-06-04 00:00:00-04:00,52.87597463161123,53.114245811898215,52.48878727743782,52.82633590698242,18924400,0.0,0.0,0.0
2025-06-05 00:00:00-04:00,53.36244166168925,54.226167563985676,52.429220789506445,52.76676940917969,28630300,0.0,0.0,0.0
2025-06-06 00:00:00-04:00,52.707200867160964,52.707200867160964,51.09888274958653,51.247798919677734,31562000,0.0,0.0,0.0
2025-06-09 00:00:00-04:00,51.29743758660147,51.94275235119554,51.03931395307894,51.75412368774414,15247300,0.0,0.0,0.0
2025-06-10 00:00:00-04:00,52.05195937586521,52.22073179113142,50.75140362785885,51.05916976928711,17301700,0.0,0.0,0.0
2025-06-11 00:00:00-04:00,51.13859088951149,51.56549072265625,50.920179751691975,51.56549072265625,13531000,0.0,0.0,0.0
2025-06-12 00:00:00-04:00,52.41929173414264,53.37236887051805,52.33987053304063,53.14402770996094,25699500,0.0,0.0,0.0
2025-06-13 00:00:00-04:00,53.94818808339918,54.30559295242474,53.46171950340509,54.06732177734375,22541400,0.0,0.0,0.0
2025-06-16 00:00:00-04:00,53.31280316658891,53.75955925147826,53.114244485838995,53.163883209228516,18475000,0.0,0.0,0.0
2025-06-17 00:00:00-04:00,53.40215588644316,53.62056703294208,52.67741990042307,53.12417221069336,13406500,0.0,0.0,0.0
2025-06-18 00:00:00-04:00,52.96532611867505,53.312804767217834,52.518573807564536,52.61785125732422,14897000,0.0,0.0,0.0
2025-06-20 00:00:00-04:00,52.31008508265398,53.044751087034605,51.88318523191247,51.91297149658203,18722300,0.0,0.0,0.0
2025-06-23 00:00:00-04:00,52.14131237128698,53.35251694454645,51.89311496117262,52.72705841064453,21458300,0.0,0.0,0.0
2025-06-24 00:00:00-04:00,51.16837635987089,51.75412236925646,50.334432953070966,51.48606872558594,22159900,0.0,0.0,0.0
2025-06-25 00:00:00-04:00,51.21801661831376,51.783906398418296,51.079026677543084,51.54563522338867,12728900,0.0,0.0,0.0
2025-06-26 00:00:00-04:00,51.386789456192545,52.2405891418457,51.386789456192545,52.2405891418457,14874300,0.0,0.0,0.0
2025-06-27 00:00:00-04:00,50.55284451105637,50.75140318808981,49.957172267147826,50.36421585083008,32657400,0.0,0.0,0.0
2025-06-30 00:00:00-04:00,50.56277423336715,51.69455376251655,50.38407180379706,51.684627532958984,19782700,0.0,0.0,0.0
2025-07-01 00:00:00-04:00,52.62777537675269,52.66748786994064,51.585347047315494,51.664772033691406,19063300,0.0,0.0,0.0
2025-07-02 00:00:00-04:00,51.95268154199714,52.37957758542035,51.4662129720434,52.28030014038086,13096100,0.0,0.0,0.0
2025-07-03 00:00:00-04:00,51.81368985189877,52.538425833288585,51.77398114463844,52.528499603271484,11610900,0.0,0.0,0.0
2025-07-07 00:00:00-04:00,51.555564113385245,52.82633358658545,50.94996185281584,52.78662109375,22030200,0.0,0.0,0.0
2025-07-08 00:00:00-04:00,52.55828159325887,52.56821161037583,49.98695630278898,50.42378616333008,37415300,0.0,0.0,0.0
2025-07-09 00:00:00-04:00,50.48335114995965,51.28751211331957,50.19544503564333,51.128665924072266,19712100,0.0,0.0,0.0
2025-07-10 00:00:00-04:00,51.30736860735496,51.52578353881836,50.61241510585571,51.52578353881836,13666200,0.0,0.0,0.0
2025-07-11 00:00:00-04:00,51.94275288683066,52.21080654009429,51.535709291991495,52.042030334472656,19044800,0.0,0.0,0.0
2025-07-14 00:00:00-04:00,52.04202922731025,52.91568513930241,52.00232052141335,52.071815490722656,13297300,0.0,0.0,0.0
2025-07-15 00:00:00-04:00,52.081742348640745,52.22073228893594,50.41385549071473,51.247798919677734,20154900,0.0,0.0,0.0
2025-07-16 00:00:00-04:00,51.337150263066455,51.99239125978058,50.60248806621308,51.44635772705078,16545300,0.0,0.0,0.0
2025-07-17 00:00:00-04:00,50.69183818845323,51.04923926214798,50.08623592830574,50.870540618896484,17442300,0.0,0.0,0.0
2025-07-18 00:00:00-04:00,51.31729321949474,51.416574452117196,50.75140344871804,50.76133346557617,12887800,0.0,0.0,0.0
2025-07-21 00:00:00-04:00,51.565492135904925,52.965325365895964,51.555565905946814,52.6377067565918,22674100,0.0,0.0,0.0
2025-07-22 00:00:00-04:00,53.25323385614233,54.38501340095201,52.83626403950373,54.08717727661133,23906900,0.0,0.0,0.0
2025-07-23 00:00:00-04:00,53.779412278233636,54.17652964392143,53.23337874080682,53.4517936706543,22084600,0.0,0.0,0.0
2025-07-24 00:00:00-04:00,52.66748904595415,53.412081267491274,52.15123798455872,52.945472717285156,12142200,0.0,0.0,0.0
2025-07-25 00:00:00-04:00,52.53842455870153,53.59078291300417,52.46892958869202,53.570926666259766,25492200,0.0,0.0,0.0
2025-07-28 00:00:00-04:00,52.76677136720615,52.95540003715556,51.76405170073702,52.21080780029297,20458100,0.0,0.0,0.0
2025-07-29 00:00:00-04:00,52.37957832866109,52.975254368925675,52.14131094230871,52.86604690551758,13473500,0.0,0.0,0.0
2025-07-30 00:00:00-04:00,52.171095211447586,52.568212585269265,51.1485230865659,51.406646728515625,21662100,0.0,0.0,0.0
2025-07-31 00:00:00-04:00,51.644915527954296,51.9427516509859,50.99960077205933,51.26765441894531,16429400,0.0,0.0,0.0
2025-08-01 00:00:00-04:00,52.359725384827954,52.67741775515387,51.56549067182138,52.071815490722656,20409400,0.0,0.0,0.0
2025-08-04 00:00:00-04:00,52.78662327412174,54.65306885537262,52.776697044098746,54.543861389160156,27343200,0.0,0.0,0.0
2025-08-05 00:00:00-04:00,54.21624290071479,56.251460907317174,54.176530406148906,56.05290222167969,32074400,0.0,0.0,0.0
2025-08-06 00:00:00-04:00,56.08268789391794,56.9761962890625,56.072757876785374,56.9761962890625,16684000,0.0,0.0,0.0
2025-08-07 00:00:00-04:00,57.492445764774786,58.05833553557374,57.1946096412793,57.5222282409668,22573200,0.0,0.0,0.0
2025-08-08 00:00:00-04:00,58.00869997875238,58.38596110893843,57.42295392946035,57.6413688659668,18210700,0.0,0.0,0.0
2025-08-11 00:00:00-04:00,56.18196551080883,57.58179874254509,55.933768102435785,57.27403259277344,17523500,0.0,0.0,0.0
2025-08-12 00:00:00-04:00,57.41302587213679,57.81013945010204,56.95633976604854,57.790283203125,11586200,0.0,0.0,0.0
2025-08-13 00:00:00-04:00,58.23704075360263,58.34624822112102,57.452736020690516,57.65129470825195,10707200,0.0,0.0,0.0
2025-08-14 00:00:00-04:00,57.23432352583174,58.10797567103348,57.00597857883542,57.28396224975586,11226900,0.0,0.0,0.0
2025-08-15 00:00:00-04:00,57.38324078228552,58.137763034085154,56.92655845404423,57.859779357910156,13540600,0.0,0.0,0.0
2025-08-18 00:00:00-04:00,57.78035728522599,57.99876842876906,57.28396246969516,57.68107604980469,8505900,0.0,0.0,0.0
2025-08-19 00:00:00-04:00,57.42295150600852,57.62151018652615,56.18196448676318,56.191890716552734,15274300,0.0,0.0,0.0
2025-08-20 00:00:00-04:00,56.837205765635,57.90942037347636,56.777637025024305,57.89949035644531,15489900,0.0,0.0,0.0
2025-08-21 00:00:00-04:00,57.75057210266704,59.25961282460797,57.69100714749051,58.86249923706055,17900200,0.0,0.0,0.0
2025-08-22 00:00:00-04:00,58.36610155177034,60.2424732917114,57.95905796684763,59.74607849121094,19540500,0.0,0.0,0.0
2025-08-25 00:00:00-04:00,59.95456419854733,60.35168155912367,59.73614927151117,59.82550048828125,8388400,0.0,0.0,0.0
2025-08-26 00:00:00-04:00,60.12333970413193,61.15583801269531,60.004202225027406,61.15583801269531,17598200,0.0,0.0,0.0
2025-08-27 00:00:00-04:00,60.60980518007469,61.036705017089844,60.033989173267706,61.036705017089844,10691600,0.0,0.0,0.0
2025-08-28 00:00:00-04:00,60.95728565203122,61.175696798404765,60.26233214384351,60.88779067993164,15854800,0.0,0.0,0.0
2025-08-29 00:00:00-04:00,60.76865272271174,62.77408824229335,60.76865272271174,62.71451950073242,19954400,0.0,0.0,0.0
2025-09-02 00:00:00-04:00,63.92572391569924,64.60082116967197,62.74430561484289,64.33277130126953,41939600,0.0,0.0,0.0
2025-09-03 00:00:00-04:00,65.0078687473947,65.3553436053819,64.243416485439,64.7298812866211,25768700,0.0,0.0,0.0
2025-09-04 00:00:00-04:00,63.89593861797646,64.47175839802512,63.42932629877784,64.10442352294922,24753700,0.0,0.0,0.0
2025-09-05 00:00:00-04:00,65.53404898007915,66.38784871190408,64.69017926589426,65.86166381835938,31720200,0.0,0.0,0.0
2025-09-08 00:00:00-04:00,66.74525028672932,66.92395272345031,66.01058050555199,66.75517272949219,24932700,0.0,0.0,0.0
2025-09-09 00:00:00-04:00,67.16222336009929,67.45013327619634,66.18928614106845,66.36798858642578,24430000,0.0,0.0,0.0
2025-09-10 00:00:00-04:00,66.98351617086081,68.0954356859948,66.9735861539375,68.00608825683594,18297300,0.0,0.0,0.0
2025-09-11 00:00:00-04:00,67.74795936866751,69.25700378417969,67.58911697325665,69.25700378417969,18762100,0.0,0.0,0.0
2025-09-12 00:00:00-04:00,69.45556285903008,69.60448282109373,68.74075310063168,69.24707794189453,13891100,0.0,0.0,0.0
2025-09-15 00:00:00-04:00,68.80032494082585,70.24979690333075,68.65140498025411,69.97181701660156,16298200,0.0,0.0,0.0
2025-09-16 00:00:00-04:00,70.06116586694792,70.13066084003738,68.13515150649134,68.5223388671875,22742300,0.0,0.0,0.0
2025-09-17 00:00:00-04:00,67.74796247771707,69.4257793823455,67.28135013801207,68.1649398803711,28270300,0.0,0.0,0.0
2025-09-18 00:00:00-04:00,67.65861396881228,68.30392873526728,66.77503181490967,68.29399871826172,21638900,0.0,0.0,0.0
2025-09-19 00:00:00-04:00,68.42305815133935,72.0070292519038,68.39327567491983,71.8382568359375,36429000,0.0,0.0,0.0
2025-09-22 00:00:00-04:00,73.23808480242887,73.8337646165933,72.31479017973417,73.79405212402344,30822600,0.0,0.0,0.0
2025-09-23 00:00:00-04:00,74.34008565003556,74.73720302162609,73.34729600825119,73.69477844238281,23168400,0.0,0.0,0.0
2025-09-24 00:00:00-04:00,73.42672022689162,73.91318502543342,71.74890332608054,71.79854583740234,27972000,0.0,0.0,0.0
2025-09-25 00:00:00-04:00,71.7886121269232,72.67219424743008,71.49077979746642,72.60269927978516,23268600,0.0,0.0,0.0
2025-09-26 00:00:00-04:00,73.14874322742199,74.38973031558103,72.7119133485871,74.14153289794922,21411900,0.0,0.0,0.0
2025-09-29 00:00:00-04:00,76.02783383051704,76.31574374027457,74.81662923580741,75.17403411865234,24062700,0.0,0.0,0.0
2025-09-30 00:00:00-04:00,74.42943925907203,76.62350341729613,74.20109431301987,75.84912872314453,21221700,0.0,0.0,0.0
2025-10-01 00:00:00-04:00,76.55400770891428,77.39787736557847,76.03775286819914,76.57386016845703,22633000,0.0,0.0,0.0
2025-10-02 00:00:00-04:00,77.72549703480647,77.75527951026974,73.56570627574463,76.54407501220703,41791200,0.0,0.0,0.0
2025-10-03 00:00:00-04:00,76.76249070813716,77.19932055104088,75.97818602400709,76.52422332763672,15113300,0.0,0.0,0.0
2025-10-06 00:00:00-04:00,77.49715270010095,78.91684211180268,77.22910284446874,78.0431900024414,26286300,0.0,0.0,0.0
2025-10-07 00:00:00-04:00,78.0928330100521,78.12261548593654,76.13703630021703,76.4150161743164,21615600,0.0,0.0,0.0
2025-10-08 00:00:00-04:00,78.11268759352245,78.57929992675781,77.03054296919605,78.57929992675781,25676100,0.0,0.0,0.0
2025-10-09 00:00:00-04:00,78.619015773881,78.75800572063909,74.04225482516149,75.06482696533203,40970500,0.0,0.0,0.0
2025-10-10 00:00:00-04:00,75.31302178985395,76.0675440279997,74.53864709187604,75.23359680175781,24817200,0.0,0.0,0.0
2025-10-13 00:00:00-04:00,77.51701472495697,78.88706166277676,77.39787724473555,78.79771423339844,26089500,0.0,0.0,0.0
2025-10-14 00:00:00-04:00,77.46737616782302,78.82750073248698,77.05040632734526,77.88434600830078,20129200,0.0,0.0,0.0
2025-10-15 00:00:00-04:00,78.93670168994028,81.1506182134613,78.66864426147058,80.882568359375,31551700,0.0,0.0,0.0
2025-10-16 00:00:00-04:00,81.86543463516068,84.47646871993892,81.13077240596851,83.83116149902344,39781800,0.0,0.0,0.0
2025-10-17 00:00:00-04:00,81.57752179203652,81.82571919866268,76.62350367660568,78.1623306274414,70598800,0.0,0.0,0.0
2025-10-20 00:00:00-04:00,79.60187616942336,80.43581585783744,78.44031407153915,79.78057861328125,29436000,0.0,0.0,0.0
2025-10-21 00:00:00-04:00,74.0422539911919,74.44929380943194,71.60991480155374,72.2651596069336,71270200,0.0,0.0,0.0
2025-10-22 00:00:00-04:00,69.97181947173857,72.79133850678885,69.77325699254791,72.42400360107422,47998500,0.0,0.0,0.0
2025-10-23 00:00:00-04:00,73.98268203834405,74.14153201945057,73.05938735271842,73.25794982910156,25689000,0.0,0.0,0.0
2025-10-24 00:00:00-04:00,71.97724554136316,73.47635994863823,71.62977069845397,72.27508544921875,24477100,0.0,0.0,0.0
2025-10-27 00:00:00-04:00,69.64419696574554,70.8653240199503,67.63875758780028,69.40592956542969,50661700,0.0,0.0,0.0
2025-10-28 00:00:00-04:00,68.14508261428988,70.7263342516949,67.92666767411842,70.50791931152344,28611800,0.0,0.0,0.0
2025-10-29 00:00:00-04:00,72.37436292746656,72.47364037200357,70.19022127573498,70.55755615234375,33614500,0.0,0.0,0.0
2025-10-30 00:00:00-04:00,70.40863992703326,72.53320916504835,70.00160011056056,72.3743667602539,25166200,0.0,0.0,0.0
2025-10-31 00:00:00-04:00,72.38429780339939,72.39422024645074,70.63698587959364,71.54042053222656,20882300,0.0,0.0,0.0
2025-11-03 00:00:00-05:00,71.20287375907257,71.91768350742076,70.22001414228572,70.78590393066406,15630000,0.0,0.0,0.0
2025-11-04 00:00:00-05:00,68.840028522172,69.12793842050941,67.70824896285043,67.78767395019531,28765500,0.0,0.0,0.0
2025-11-05 00:00:00-05:00,69.40592390242952,70.37885345939287,68.97902407557073,70.16043853759766,24340100,0.0,0.0,0.0
2025-11-06 00:00:00-05:00,70.75611124727449,72.18573069079386,70.19022147994534,70.24979400634766,22007600,0.0,0.0,0.0
2025-11-07 00:00:00-05:00,70.96460897139289,72.02689361572266,69.97181930101428,72.02689361572266,20421900,0.0,0.0,0.0
2025-11-10 00:00:00-05:00,74.69748964403578,75.91862422172453,74.0819649210112,75.43215942382812,30851200,0.0,0.0,0.0
2025-11-11 00:00:00-05:00,75.98811845153097,76.26609833333129,74.40957901647383,76.15689086914062,17170100,0.0,0.0,0.0
2025-11-12 00:00:00-05:00,76.19660706625376,79.39339101109772,75.74985474513034,78.67858123779297,33319500,0.0,0.0,0.0
2025-11-13 00:00:00-05:00,78.9168474037538,79.16504481702773,75.8689834717252,76.49444580078125,30345900,0.0,0.0,0.0
2025-11-14 00:00:00-05:00,73.00975114443953,76.35545496305454,72.72184123948003,75.6108627319336,28841200,0.0,0.0,0.0
2025-11-17 00:00:00-05:00,75.10453367061284,76.41501562071842,73.6649842267651,74.40957641601562,25837000,0.0,0.0,0.0
2025-11-18 00:00:00-05:00,75.06482618959235,75.91862589621668,73.84369158496978,75.08467864990234,24323800,0.0,0.0,0.0
2025-11-19 00:00:00-05:00,76.39515499129814,77.61628950487015,74.97546559189522,75.83919525146484,21959400,0.0,0.0,0.0
2025-11-20 00:00:00-05:00,76.18667661151153,77.17946627442969,72.41408043705296,72.44386291503906,34685000,0.0,0.0,0.0
2025-11-21 00:00:00-05:00,72.49349520712005,74.121677163301,71.92760542289034,73.11895751953125,25694900,0.0,0.0,0.0
2025-11-24 00:00:00-05:00,73.6153543944399,77.43759304930443,73.53592940422949,77.39788055419922,24487400,0.0,0.0,0.0
2025-11-25 00:00:00-05:00,76.7525641858101,77.97369876843969,76.3058118802341,77.2390365600586,14938400,0.0,0.0,0.0
2025-11-26 00:00:00-05:00,78.08290652157436,81.2399778725001,77.9836290726791,80.96199798583984,27375300,0.0,0.0,0.0
2025-11-28 00:00:00-05:00,81.66687567610771,82.67951774851367,81.18040331224165,82.6298828125,15906800,0.0,0.0,0.0
2025-12-01 00:00:00-05:00,83.34468894472579,83.4241139353946,81.5278896230766,82.22283935546875,20533900,0.0,0.0,0.0
2025-12-02 00:00:00-05:00,81.87536033940005,82.36182512741796,78.72821909390579,81.02156066894531,25468400,0.0,0.0,0.0
2025-12-03 00:00:00-05:00,81.53780950239057,82.32211421822083,80.35639499447024,80.47552490234375,17556100,0.0,0.0,0.0
2025-12-04 00:00:00-05:00,79.76071423417712,80.90242380917786,79.45295187655516,80.80314636230469,12264600,0.0,0.0,0.0
2025-12-05 00:00:00-05:00,81.40874686604467,83.15605867570423,80.13797739515898,80.44573974609375,17559200,0.0,0.0,0.0
2025-12-08 00:00:00-05:00,80.43581520411591,80.66416015945009,78.49987839004272,78.5892333984375,18977000,0.0,0.0,0.0
2025-12-09 00:00:00-05:00,78.72821819468763,81.47824204993954,78.71828817787474,81.34918212890625,19287000,0.0,0.0,0.0
2025-12-10 00:00:00-05:00,80.96199636108392,83.33476294166762,79.94934670927631,82.71923065185547,22917900,0.0,0.0,0.0
2025-12-11 00:00:00-05:00,82.60009710936387,86.81945318618178,82.52067969268505,85.6380386352539,29997000,0.0,0.0,0.0
2025-12-12 00:00:00-05:00,87.8618850303911,87.8618850303911,83.63259895216848,85.04236602783203,26735900,0.0,0.0,0.0
2025-12-15 00:00:00-05:00,85.88623172343623,86.12449911023364,83.11634778837126,84.23819732666016,21774900,0.0,0.0,0.0
2025-12-16 00:00:00-05:00,84.54596803594097,85.67774760162332,83.14613103005908,84.21834564208984,14848800,0.0,0.0,0.0
2025-12-17 00:00:00-05:00,85.48911574909407,85.99544058183656,84.00986131942469,85.21113586425781,17984700,0.0,0.0,0.0
2025-12-18 00:00:00-05:00,84.71473940835261,86.5712511351551,84.22826704492478,85.05228424072266,18771500,0.0,0.0,0.0
2025-12-19 00:00:00-05:00,84.96294106661536,88.05051752047041,84.9430810317262,87.1570053100586,24699800,0.0,0.0,0.0
2025-12-22 00:00:00-05:00,89.66000366210938,91.05000305175781,89.06999969482422,90.18000030517578,24707400,0.633,0.0,0.0
2025-12-23 00:00:00-05:00,90.3499984741211,90.4800033569336,88.69000244140625,90.2699966430664,18969200,0.0,0.0,0.0
2025-12-24 00:00:00-05:00,89.80000305175781,90.2699966430664,88.2699966430664,89.69999694824219,14136200,0.0,0.0,0.0
2025-12-26 00:00:00-05:00,90.93000030517578,91.66999816894531,89.61000061035156,91.29000091552734,24708900,0.0,0.0,0.0
2025-12-29 00:00:00-05:00,86.93000030517578,87.47000122070312,84.88999938964844,85.8499984741211,39910100,0.0,0.0,0.0
2025-12-30 00:00:00-05:00,88.05000305175781,88.4000015258789,86.55999755859375,86.83999633789062,19494800,0.0,0.0,0.0
2025-12-31 00:00:00-05:00,86.44999694824219,87.7300033569336,85.66000366210938,85.7699966430664,13174500,0.0,0.0,0.0
2026-01-02 00:00:00-05:00,87.12000274658203,87.20999908447266,83.2300033569336,85.7300033569336,24032300,0.0,0.0,0.0
2026-01-05 00:00:00-05:00,87.77999877929688,90.66000366210938,87.27999877929688,88.44999694824219,25195000,0.0,0.0,0.0
2026-01-06 00:00:00-05:00,89.2699966430664,92.20999908447266,89.06999969482422,92.13999938964844,23581700,0.0,0.0,0.0
2026-01-07 00:00:00-05:00,89.45999908447266,91.12999725341797,88.08999633789062,91.05999755859375,18414900,0.0,0.0,0.0
2026-01-08 00:00:00-05:00,89.11000061035156,91.55999755859375,88.79000091552734,91.54000091552734,17535800,0.0,0.0,0.0
2026-01-09 00:00:00-05:00,91.80999755859375,93.16999816894531,91.2300033569336,92.55999755859375,18108500,0.0,0.0,0.0
2026-01-12 00:00:00-05:00,95.19000244140625,96.9800033569336,95.06999969482422,95.72000122070312,27296500,0.0,0.0,0.0
2026-01-13 00:00:00-05:00,97.02999877929688,97.97000122070312,96.23999786376953,96.47000122070312,19578600,0.0,0.0,0.0
2026-01-14 00:00:00-05:00,98.41000366210938,98.41999816894531,95.37000274658203,96.86000061035156,22672600,0.0,0.0,0.0
2026-01-15 00:00:00-05:00,96.08999633789062,97.83000183105469,95.31999969482422,97.11000061035156,13979500,0.0,0.0,0.0
2026-01-16 00:00:00-05:00,96.27999877929688,97.33999633789062,94.44000244140625,97.23999786376953,19587300,0.0,0.0,0.0
2026-01-20 00:00:00-05:00,101.52999877929688,103.0199966430664,100.9000015258789,102.77999877929688,33061000,0.0,0.0,0.0
2026-01-21 00:00:00-05:00,104.9000015258789,105.33000183105469,100.55999755859375,101.29000091552734,34861200,0.0,0.0,0.0
2026-01-22 00:00:00-05:00,101.13999938964844,105.83999633789062,101.05000305175781,105.16999816894531,30396700,0.0,0.0,0.0
2026-01-23 00:00:00-05:00,105.52999877929688,107.62000274658203,104.8499984741211,107.0199966430664,19623000,0.0,0.0,0.0
2026-01-26 00:00:00-05:00,110.69000244140625,112.54000091552734,107.44999694824219,107.4800033569336,38883300,0.0,0.0,0.0
2026-01-27 00:00:00-05:00,107.91999816894531,109.37999725341797,103.87999725341797,109.29000091552734,30779100,0.0,0.0,0.0
2026-01-28 00:00:00-05:00,110.37999725341797,112.23999786376953,109.01000213623047,112.16000366210938,31375500,0.0,0.0,0.0
2026-01-29 00:00:00-05:00,113.29000091552734,113.5,104.6500015258789,107.9800033569336,66962400,0.0,0.0,0.0
2026-01-30 00:00:00-05:00,98.91000366210938,101.87999725341797,93.12000274658203,94.19999694824219,102904800,0.0,0.0,0.0
2026-02-02 00:00:00-05:00,93.97000122070312,96.87000274658203,92.0,94.19000244140625,35455600,0.0,0.0,0.0
2026-02-03 00:00:00-05:00,99.79000091552734,99.98999786376953,95.66000366210938,98.22000122070312,43633800,0.0,0.0,0.0
2026-02-04 00:00:00-05:00,101.01000213623047,101.12000274658203,94.94000244140625,98.69999694824219,30256800,0.0,0.0,0.0
2026-02-05 00:00:00-05:00,94.54000091552734,97.19999694824219,92.27999877929688,92.44000244140625,39586600,0.0,0.0,0.0
2026-02-06 00:00:00-05:00,95.12999725341797,97.93000030517578,94.9800033569336,97.38999938964844,24807700,0.0,0.0,0.0
2026-02-09 00:00:00-05:00,98.55000305175781,103.08999633789062,98.51000213623047,102.88999938964844,27057100,0.0,0.0,0.0
2026-02-10 00:00:00-05:00,102.2699966430664,103.80000305175781,101.8499984741211,103.01000213623047,15407600,0.0,0.0,0.0
2026-02-11 00:00:00-05:00,105.48999786376953,106.47000122070312,102.48999786376953,105.97000122070312,22624300,0.0,0.0,0.0
2026-02-12 00:00:00-05:00,104.81999969482422,105.79000091552734,98.12999725341797,98.27999877929688,43435500,0.0,0.0,0.0
2026-02-13 00:00:00-05:00,100.91999816894531,104.13999938964844,99.52999877929688,103.94000244140625,31928300,0.0,0.0,0.0
2026-02-17 00:00:00-05:00,99.86000061035156,101.19000244140625,97.41000366210938,100.25,26743000,0.0,0.0,0.0
2026-02-18 00:00:00-05:00,101.81999969482422,103.69000244140625,101.29000091552734,102.55999755859375,18924100,0.0,0.0,0.0
2026-02-19 00:00:00-05:00,102.01000213623047,104.30000305175781,101.11000061035156,104.23999786376953,18466500,0.0,0.0,0.0
2026-02-20 00:00:00-05:00,104.33000183105469,106.38999938964844,102.02999877929688,106.26000213623047,23441000,0.0,0.0,0.0
2026-02-23 00:00:00-05:00,107.77999877929688,110.54000091552734,107.62000274658203,110.29000091552734,26609300,0.0,0.0,0.0
2026-02-24 00:00:00-05:00,107.0,111.5,106.47000122070312,110.69999694824219,15635700,0.0,0.0,0.0
2026-02-25 00:00:00-05:00,112.18000030517578,113.16000366210938,110.87000274658203,111.16000366210938,14632600,0.0,0.0,0.0
2026-02-26 00:00:00-05:00,110.4000015258789,114.0999984741211,109.12999725341797,113.88999938964844,18622900,0.0,0.0,0.0
2026-02-27 00:00:00-05:00,115.19000244140625,115.98999786376953,114.31999969482422,115.83999633789062,18646800,0.0,0.0,0.0
2026-03-02 00:00:00-05:00,116.45999908447266,117.18000030517578,111.36000061035156,115.33999633789062,27137300,0.0,0.0,0.0
2026-03-03 00:00:00-05:00,107.48999786376953,107.98999786376953,102.54000091552734,105.23999786376953,66618000,0.0,0.0,0.0
2026-03-04 00:00:00-05:00,108.16000366210938,108.26000213623047,104.30999755859375,105.87999725341797,20502900,0.0,0.0,0.0
2026-03-05 00:00:00-05:00,104.19999694824219,104.19999694824219,99.52999877929688,101.81999969482422,34024100,0.0,0.0,0.0
2026-03-06 00:00:00-05:00,99.25,102.5,98.27999877929688,101.37999725341797,25723000,0.0,0.0,0.0
2026-03-09 00:00:00-04:00,98.63999938964844,102.56999969482422,95.95999908447266,102.44000244140625,24687000,0.0,0.0,0.0
2026-03-10 00:00:00-04:00,104.05999755859375,105.73999786376953,103.0999984741211,103.37000274658203,21592200,0.0,0.0,0.0
2026-03-11 00:00:00-04:00,102.05000305175781,102.16000366210938,99.13999938964844,101.36000061035156,19278300,0.0,0.0,0.0
2026-03-12 00:00:00-04:00,101.04000091552734,101.11000061035156,98.41000366210938,99.30000305175781,20604300,0.0,0.0,0.0
2026-03-13 00:00:00-04:00,98.41000366210938,98.41000366210938,92.88999938964844,93.26000213623047,35725200,0.0,0.0,0.0
2026-03-16 00:00:00-04:00,93.3499984741211,95.86000061035156,92.3499984741211,94.37999725341797,21719600,0.0,0.0,0.0
2026-03-17 00:00:00-04:00,94.7699966430664,96.12999725341797,93.30999755859375,93.95999908447266,14897800,0.0,0.0,0.0
2026-03-18 00:00:00-04:00,89.98999786376953,90.3499984741211,87.7300033569336,88.11000061035156,41331300,0.0,0.0,0.0
2026-03-19 00:00:00-04:00,80.86000061035156,83.38999938964844,79.95999908447266,82.9000015258789,63111300,0.0,0.0,0.0
2026-03-20 00:00:00-04:00,83.31999969482422,83.38999938964844,78.73999786376953,80.12000274658203,40023300,0.0,0.0,0.0
2026-03-23 00:00:00-04:00,81.36000061035156,84.97000122070312,81.12000274658203,83.37999725341797,62217700,0.0,0.0,0.0
2026-03-24 00:00:00-04:00,81.91000366210938,84.12000274658203,80.77999877929688,83.5,23529700,0.0,0.0,0.0
2026-03-25 00:00:00-04:00,87.5199966430664,88.06999969482422,85.5,86.31999969482422,33509100,0.0,0.0,0.0
2026-03-26 00:00:00-04:00,83.47000122070312,86.52999877929688,82.2699966430664,82.38999938964844,41416000,0.0,0.0,0.0
2026-03-27 00:00:00-04:00,82.79000091552734,86.91999816894531,82.38999938964844,85.79000091552734,35300800,0.0,0.0,0.0
2026-03-30 00:00:00-04:00,87.38999938964844,88.41000366210938,84.7300033569336,85.79000091552734,24114400,0.0,0.0,0.0
2026-03-31 00:00:00-04:00,88.05000305175781,91.77999877929688,87.87999725341797,91.7699966430664,36516300,0.0,0.0,0.0
2026-04-01 00:00:00-04:00,94.70999908447266,97.70999908447266,93.4800033569336,96.01000213623047,42051300,0.0,0.0,0.0
2026-04-02 00:00:00-04:00,90.16000366210938,95.8499984741211,89.98999786376953,94.58999633789062,22726700,0.0,0.0,0.0
2026-04-06 00:00:00-04:00,94.26000213623047,95.27999877929688,93.41000366210938,93.81999969482422,11572800,0.0,0.0,0.0
2026-04-07 00:00:00-04:00,93.69000244140625,95.2300033569336,91.44000244140625,94.97000122070312,13596700,0.0,0.0,0.0
2026-04-08 00:00:00-04:00,100.87999725341797,101.37000274658203,96.62999725341797,98.18000030517578,26188600,0.0,0.0,0.0
2026-04-09 00:00:00-04:00,98.3499984741211,99.93000030517578,97.0,98.3499984741211,14310500,0.0,0.0,0.0
2026-04-10 00:00:00-04:00,98.9800033569336,100.22000122070312,98.79000091552734,99.38999938964844,17803500,0.0,0.0,0.0
2026-04-13 00:00:00-04:00,98.01000213623047,99.2300033569336,97.3499984741211,98.77999877929688,12446100,0.0,0.0,0.0
2026-04-14 00:00:00-04:00,100.05000305175781,101.56999969482422,99.41999816894531,100.75,15841100,0.0,0.0,0.0
2026-04-15 00:00:00-04:00,99.91999816894531,100.43000030517578,97.68000030517578,97.7699966430664,16644600,0.0,0.0,0.0
2026-04-16 00:00:00-04:00,98.20999908447266,99.0999984741211,97.3499984741211,97.66000366210938,13842000,0.0,0.0,0.0
2026-04-17 00:00:00-04:00,99.75,102.38999938964844,99.38999938964844,100.33999633789062,21381400,0.0,0.0,0.0
2026-04-20 00:00:00-04:00,99.45999908447266,99.55000305175781,98.0999984741211,99.12999725341797,11898000,0.0,0.0,0.0
2026-04-21 00:00:00-04:00,97.88999938964844,98.4800033569336,92.69000244140625,92.98999786376953,31531500,0.0,0.0,0.0
2026-04-22 00:00:00-04:00,95.04000091552734,95.76000213623047,94.04000091552734,94.4800033569336,14371300,0.0,0.0,0.0
2026-04-23 00:00:00-04:00,93.33000183105469,94.0,90.19999694824219,92.19000244140625,27735600,0.0,0.0,0.0
2026-04-24 00:00:00-04:00,93.1500015258789,94.51000213623047,92.22000122070312,94.33999633789062,16967400,0.0,0.0,0.0
2026-04-27 00:00:00-04:00,93.41999816894531,93.47000122070312,92.12000274658203,92.58999633789062,12010100,0.0,0.0,0.0
2026-04-28 00:00:00-04:00,90.13999938964844,90.62999725341797,88.11000061035156,88.54000091552734,25303500,0.0,0.0,0.0
2026-04-29 00:00:00-04:00,87.11000061035156,87.6500015258789,85.93000030517578,86.22000122070312,20765700,0.0,0.0,0.0
2026-04-30 00:00:00-04:00,88.9000015258789,89.44000244140625,87.41999816894531,88.29000091552734,23142400,0.0,0.0,0.0
2026-05-01 00:00:00-04:00,87.70999908447266,89.06999969482422,87.0,87.11000061035156,12337300,0.0,0.0,0.0
2026-05-04 00:00:00-04:00,86.13999938964844,87.3499984741211,85.45999908447266,85.6500015258789,15612800,0.0,0.0,0.0
2026-05-05 00:00:00-04:00,87.27999877929688,87.69999694824219,85.72000122070312,85.80999755859375,11557600,0.0,0.0,0.0
2026-05-06 00:00:00-04:00,90.51000213623047,93.08000183105469,90.44000244140625,92.44000244140625,35115100,0.0,0.0,0.0
2026-05-07 00:00:00-04:00,94.80000305175781,96.11000061035156,91.62999725341797,91.72000122070312,26825800,0.0,0.0,0.0
2026-05-08 00:00:00-04:00,93.12999725341797,95.30000305175781,92.75,94.58999633789062,19426900,0.0,0.0,0.0
2026-05-11 00:00:00-04:00,95.33999633789062,98.73999786376953,95.29000091552734,97.5999984741211,24402800,0.0,0.0,0.0
2026-05-12 00:00:00-04:00,95.5999984741211,97.55999755859375,92.8499984741211,97.13999938964844,22283200,0.0,0.0,0.0
2026-05-13 00:00:00-04:00,96.08999633789062,97.19999694824219,94.63999938964844,96.2300033569336,12254800,0.0,0.0,0.0
2026-05-14 00:00:00-04:00,95.9000015258789,95.91000366210938,93.54000091552734,93.94999694824219,14371600,0.0,0.0,0.0
2026-05-15 00:00:00-04:00,89.5,89.55000305175781,86.83000183105469,87.3499984741211,38654700,0.0,0.0,0.0
2026-05-18 00:00:00-04:00,88.6500015258789,89.52999877929688,86.38999938964844,87.13999938964844,16998000,0.0,0.0,0.0
2026-05-19 00:00:00-04:00,85.55000305175781,85.5999984741211,83.3499984741211,83.77999877929688,21922200,0.0,0.0,0.0
2026-05-20 00:00:00-04:00,84.58000183105469,86.94000244140625,83.66999816894531,86.36000061035156,20430700,0.0,0.0,0.0
2026-05-21 00:00:00-04:00,84.45999908447266,87.66000366210938,84.11000061035156,85.98999786376953,17092600,0.0,0.0,0.0
2026-05-22 00:00:00-04:00,85.61000061035156,86.13999938964844,83.94999694824219,85.0199966430664,14638800,0.0,0.0,0.0
2026-05-26 00:00:00-04:00,87.04000091552734,88.56999969482422,86.93000030517578,88.5,21638800,0.0,0.0,0.0
2026-05-27 00:00:00-04:00,85.83999633789062,87.3499984741211,85.33999633789062,85.44000244140625,19392200,0.0,0.0,0.0
2026-05-28 00:00:00-04:00,84.52999877929688,88.0,83.31999969482422,87.18000030517578,20959900,0.0,0.0,0.0
2026-05-29 00:00:00-04:00,87.37999725341797,90.36000061035156,86.6500015258789,89.48999786376953,22277000,0.0,0.0,0.0
2026-06-01 00:00:00-04:00,86.44999694824219,87.55000305175781,84.37999725341797,86.68000030517578,26022900,0.0,0.0,0.0
2026-06-02 00:00:00-04:00,87.93000030517578,88.29000091552734,85.98999786376953,88.05000305175781,19269000,0.0,0.0,0.0
2026-06-03 00:00:00-04:00,86.51000213623047,86.93000030517578,84.94000244140625,85.0,18139600,0.0,0.0,0.0
2026-06-04 00:00:00-04:00,86.36000061035156,87.47000122070312,85.62999725341797,86.4000015258789,13420200,0.0,0.0,0.0
2026-06-05 00:00:00-04:00,83.80000305175781,83.8499984741211,78.77999877929688,78.83999633789062,44792000,0.0,0.0,0.0
2026-06-08 00:00:00-04:00,79.36000061035156,80.30000305175781,78.45999908447266,78.66999816894531,18567600,0.0,0.0,0.0
2026-06-09 00:00:00-04:00,79.5,80.2300033569336,75.02999877929688,77.58999633789062,24897100,0.0,0.0,0.0
2026-06-10 00:00:00-04:00,74.79000091552734,76.80000305175781,73.62999725341797,73.80999755859375,26414500,0.0,0.0,0.0
2026-06-11 00:00:00-04:00,73.98999786376953,78.18000030517578,73.7699966430664,77.72000122070312,34820800,0.0,0.0,0.0
2026-06-12 00:00:00-04:00,78.54000091552734,80.6500015258789,77.76000213623047,80.02999877929688,25560200,0.0,0.0,0.0
2026-06-15 00:00:00-04:00,85.41999816894531,86.87999725341797,84.70999908447266,85.2699966430664,34324500,0.0,0.0,0.0
2026-06-16 00:00:00-04:00,86.1500015258789,87.58999633789062,85.66000366210938,87.23999786376953,21635600,0.0,0.0,0.0
2026-06-17 00:00:00-04:00,87.19999694824219,89.98999786376953,84.29000091552734,84.36000061035156,49821500,0.0,0.0,0.0
2026-06-18 00:00:00-04:00,84.91000366210938,86.56999969482422,81.47000122070312,82.51000213623047,37180400,0.0,0.0,0.0
2026-06-22 00:00:00-04:00,80.41999816894531,81.66999816894531,80.13999938964844,81.44000244140625,17354800,0.0,0.0,0.0
2026-06-23 00:00:00-04:00,77.77999877929688,79.22000122070312,77.25,77.66000366210938,26808400,0.0,0.0,0.0
2026-06-24 00:00:00-04:00,74.19000244140625,76.4000015258789,73.69999694824219,74.58999633789062,30515800,0.0,0.0,0.0
2026-06-25 00:00:00-04:00,76.48999786376953,76.93000030517578,74.52999877929688,75.66999816894531,30958700,0.0,0.0,0.0
2026-06-26 00:00:00-04:00,76.66000366210938,78.48999786376953,76.19000244140625,77.0,22781600,0.0,0.0,0.0
2026-06-29 00:00:00-04:00,76.12999725341797,76.19999694824219,74.58999633789062,75.68000030517578,18075700,0.0,0.0,0.0
2026-06-30 00:00:00-04:00,75.38999938964844,75.93000030517578,73.88999938964844,75.44999694824219,16874800,0.0,0.0,0.0
2026-07-01 00:00:00-04:00,75.43000030517578,78.16000366210938,74.9800033569336,75.06999969482422,22382800,0.0,0.0,0.0
2026-07-02 00:00:00-04:00,77.70999908447266,79.19999694824219,76.77999877929688,78.43000030517578,29963500,0.0,0.0,0.0
2026-07-06 00:00:00-04:00,79.5199966430664,80.18000030517578,77.5,78.73999786376953,13977300,0.0,0.0,0.0
2026-07-07 00:00:00-04:00,78.3499984741211,78.79000091552734,75.12999725341797,75.76000213623047,20562000,0.0,0.0,0.0
2026-07-08 00:00:00-04:00,74.08999633789062,74.80999755859375,71.88999938964844,73.52999877929688,25642300,0.0,0.0,0.0
2026-07-09 00:00:00-04:00,75.1500015258789,76.05000305175781,74.31999969482422,75.77999877929688,16240900,0.0,0.0,0.0
2026-07-10 00:00:00-04:00,75.08999633789062,76.04000091552734,74.51000213623047,75.52999877929688,8140100,0.0,0.0,0.0
2026-07-13 00:00:00-04:00,74.0999984741211,74.63999938964844,72.83999633789062,73.37000274658203,20251200,0.0,0.0,0.0
2026-07-14 00:00:00-04:00,76.0999984741211,76.86000061035156,74.4800033569336,74.87999725341797,18329100,0.0,0.0,0.0
2026-07-15 00:00:00-04:00,74.44000244140625,75.29000091552734,72.63999938964844,74.0,14705400,0.0,0.0,0.0
2026-07-16 00:00:00-04:00,72.87999725341797,72.9000015258789,71.04000091552734,71.4000015258789,23823100,0.0,0.0,0.0
2026-07-17 00:00:00-04:00,70.4000015258789,71.93000030517578,69.73999786376953,71.31999969482422,18182100,0.0,0.0,0.0
2026-07-20 00:00:00-04:00,71.13999938964844,71.61000061035156,70.5199966430664,70.73999786376953,12353800,0.0,0.0,0.0
2026-07-21 00:00:00-04:00,72.44000244140625,74.2300033569336,72.11000061035156,74.19000244140625,18735200,0.0,0.0,0.0
2026-07-22 00:00:00-04:00,75.91999816894531,77.98999786376953,75.91999816894531,76.68000030517578,20428100,0.0,0.0,0.0
2026-07-23 00:00:00-04:00,74.44000244140625,75.36000061035156,73.8499984741211,75.0199966430664,16371400,0.0,0.0,0.0
2026-07-24 00:00:00-04:00,75.5,76.4800033569336,74.62000274658203,75.2300033569336,10693600,0.0,0.0,0.0
2026-07-27 00:00:00-04:00,76.20999908447266,76.55999755859375,74.25,75.7300033569336,11401200,0.0,0.0,0.0
2026-07-28 00:00:00-04:00,74.5,75.1500015258789,73.33000183105469,74.20999908447266,14266200,0.0,0.0,0.0
2026-07-29 00:00:00-04:00,73.94000244140625,76.02999877929688,72.18000030517578,73.56999969482422,25718800,0.0,0.0,0.0
2026-07-30 00:00:00-04:00,75.3499984741211,76.80999755859375,74.30000305175781,76.77999877929688,20321300,0.0,0.0,0.0
2026-07-31 00:00:00-04:00,74.87999725341797,75.31999969482422,72.91999816894531,74.0999984741211,17782700,0.0,0.0,0.0
2026-08-03 00:00:00-04:00,74.30999755859375,76.12000274658203,73.62000274658203,76.05000305175781,13804000,0.0,0.0,0.0
2026-08-04 00:00:00-04:00,77.61000061035156,78.86000061035156,77.01000213623047,77.91999816894531,20255600,0.0,0.0,0.0
2026-08-05 00:00:00-04:00,82.19999694824219,84.30999755859375,81.80999755859375,83.68000030517578,40684600,0.0,0.0,0.0
2026-08-06 00:00:00-04:00,82.44000244140625,84.4800033569336,82.18000030517578,83.91999816894531,25510600,0.0,0.0,0.0
2026-08-07 00:00:00-04:00,89.30999755859375,90.80000305175781,88.44000244140625,89.88999938964844,44624100,0.0,0.0,0.0
2026-08-10 00:00:00-04:00,88.9000015258789,90.75,87.43000030517578,90.48999786376953,22709800,0.0,0.0,0.0
2026-08-11 00:00:00-04:00,90.0,90.94000244140625,89.25,90.12000274658203,15322200,0.0,0.0,0.0
2026-08-12 00:00:00-04:00,92.58999633789062,92.66000366210938,90.37999725341797,90.95999908447266,18593300,0.0,0.0,0.0
2026-08-13 00:00:00-04:00,89.20999908447266,89.25,87.5199966430664,88.2699966430664,36716300,0.0,0.0,0.0
2026-08-14 00:00:00-04:00,89.63999938964844,91.0199966430664,89.36000061035156,89.97000122070312,15204300,0.0,0.0,0.0
2026-08-17 00:00:00-04:00,90.94000244140625,92.5999984741211,90.31999969482422,91.88999938964844,17103700,0.0,0.0,0.0
2026-08-18 00:00:00-04:00,90.54000091552734,91.20999908447266,88.77999877929688,88.94999694824219,22466000,0.0,0.0,0.0
2026-08-19 00:00:00-04:00,94.02999877929688,97.47000122070312,93.80999755859375,97.33000183105469,44388800,0.0,0.0,0.0
2026-08-20 00:00:00-04:00,96.31999969482422,100.33000183105469,96.30000305175781,99.8499984741211,33388100,0.0,0.0,0.0
2026-08-21 00:00:00-04:00,102.6500015258789,103.25,101.7699966430664,102.83000183105469,33601600,0.0,0.0,0.0
2026-08-24 00:00:00-04:00,103.9800033569336,104.66000366210938,101.52999877929688,103.54000091552734,22815300,0.0,0.0,0.0
2026-08-25 00:00:00-04:00,101.94000244140625,105.66999816894531,101.80000305175781,105.5199966430664,26039900,0.0,0.0,0.0
2026-08-26 00:00:00-04:00,103.37000274658203,104.16000366210938,102.30999755859375,102.41999816894531,23884500,0.0,0.0,0.0
2026-08-27 00:00:00-04:00,102.13999938964844,104.11000061035156,101.69000244140625,103.69000244140625,16851400,0.0,0.0,0.0
2026-08-28 00:00:00-04:00,104.23999786376953,104.77999877929688,98.69000244140625,99.6500015258789,41059500,0.0,0.0,0.0
2026-08-31 00:00:00-04:00,99.27999877929688,99.63999938964844,96.98999786376953,98.51000213623047,17583100,0.0,0.0,0.0
2026-09-01 00:00:00-04:00,95.16000366210938,98.26000213623047,94.48999786376953,94.66999816894531,31351700,0.0,0.0,0.0
2026-09-02 00:00:00-04:00,96.95999908447266,98.76000213623047,96.30000305175781,97.62999725341797,22553300,0.0,0.0,0.0
2026-09-03 00:00:00-04:00,100.68000030517578,101.70999908447266,99.05999755859375,101.48999786376953,29159600,0.0,0.0,0.0
2026-09-04 00:00:00-04:00,98.75,100.0999984741211,98.01000213623047,99.26000213623047,21521700,0.0,0.0,0.0
2026-09-08 00:00:00-04:00,98.88999938964844,100.30000305175781,98.37000274658203,98.41000366210938,12532800,0.0,0.0,0.0
2026-09-09 00:00:00-04:00,100.45999908447266,101.4800033569336,98.69000244140625,99.47000122070312,15094200,0.0,0.0,0.0
2026-09-10 00:00:00-04:00,96.52999877929688,97.44000244140625,95.62000274658203,96.02999877929688,21940300,0.0,0.0,0.0
2026-09-11 00:00:00-04:00,,,,,14285067,0.0,0.0,0.0
