Date,close,high,low,open,volume,dividends,stock splits,capital gains
2024-09-25 00:00:00-04:00,,,,,0,0.44,0.0,0.0
2024-09-26 00:00:00-04:00,199.83460998535156,201.71205627732752,198.949942125895,201.46631770503825,577900,0.0,0.0,0.0
2024-09-27 00:00:00-04:00,198.49778747558594,199.8444300244934,198.10459676878284,199.8444300244934,524700,0.0,0.0,0.0
2024-09-30 00:00:00-04:00,199.30380249023438,199.34312906032247,196.93489409729736,197.73108465662438,555300,0.0,0.0,0.0
2024-10-01 00:00:00-04:00,198.19308471679688,199.1072250367569,197.3280801139759,198.989275317715,844600,0.0,0.0,0.0
2024-10-02 00:00:00-04:00,198.77304077148438,199.1760556768002,197.17082029342495,197.79991051202046,455900,0.0,0.0,0.0
2024-10-03 00:00:00-04:00,198.36019897460938,199.3333142219029,197.62298318183855,198.3503598315418,373100,0.0,0.0,0.0
2024-10-04 00:00:00-04:00,200.2867431640625,200.47350686257252,198.40931203383482,199.46106523256742,360000,0.0,0.0,0.0
2024-10-07 00:00:00-04:00,198.85166931152344,200.25728684188798,198.27172984089862,199.87393524281646,463200,0.0,0.0,0.0
2024-10-08 00:00:00-04:00,200.82740783691406,201.2009353024935,199.37263954792644,199.37263954792644,524300,0.0,0.0,0.0
2024-10-09 00:00:00-04:00,202.43943786621094,202.66551315868273,200.4833683815031,200.82739339201365,529000,0.0,0.0,0.0
2024-10-10 00:00:00-04:00,201.50564575195312,202.23303738492882,200.98468113600208,202.1347359484993,450200,0.0,0.0,0.0
2024-10-11 00:00:00-04:00,203.82540893554688,203.8745596514157,201.34835984294557,201.34835984294557,546700,0.0,0.0,0.0
2024-10-14 00:00:00-04:00,205.39813232421875,205.57505689470906,204.2579017631967,204.5724393325213,343900,0.0,0.0,0.0
2024-10-15 00:00:00-04:00,203.30445861816406,206.10586963505872,203.10787073957923,205.86013103715425,581600,0.0,0.0,0.0
2024-10-16 00:00:00-04:00,205.09339904785156,205.25067532813938,203.29460596231672,203.98267094021142,438200,0.0,0.0,0.0
2024-10-17 00:00:00-04:00,205.09339904785156,206.75459413649907,205.09339904785156,206.41056914689753,611400,0.0,0.0,0.0
2024-10-18 00:00:00-04:00,205.7618408203125,205.9780919823945,204.67076086569642,205.4669515085013,293600,0.0,0.0,0.0
2024-10-21 00:00:00-04:00,205.1524200439453,206.06656043933725,204.3857018108279,205.74218368651285,280900,0.0,0.0,0.0
2024-10-22 00:00:00-04:00,204.5134735107422,204.83785023633015,203.4223936151072,204.36603636215338,261000,0.0,0.0,0.0
2024-10-23 00:00:00-04:00,204.04165649414062,204.82802293811957,202.8424510417785,203.69761648780846,319700,0.0,0.0,0.0
2024-10-24 00:00:00-04:00,203.4420623779297,204.52331815899765,202.83263548243303,204.52331815899765,308800,0.0,0.0,0.0
2024-10-25 00:00:00-04:00,202.23301696777344,204.45448821908636,202.00692668654995,204.42500079087318,301100,0.0,0.0,0.0
2024-10-28 00:00:00-04:00,202.99974060058594,203.30445405535772,202.77365029652853,203.00956474475188,403100,0.0,0.0,0.0
2024-10-29 00:00:00-04:00,202.79331970214844,203.24548532521237,201.72190300669118,202.2526917828417,386700,0.0,0.0,0.0
2024-10-30 00:00:00-04:00,201.60394287109375,202.60654550747623,200.41456151001762,201.11246569685773,592600,0.0,0.0,0.0
2024-10-31 00:00:00-04:00,198.95977783203125,200.70943523661973,198.82216483387344,200.70943523661973,601700,0.0,0.0,0.0
2024-11-01 00:00:00-04:00,198.2618865966797,200.60132271623897,198.15376101975824,199.63803166647045,614600,0.0,0.0,0.0
2024-11-04 00:00:00-05:00,197.8883819580078,198.94013533985023,197.4755279216917,198.3405325712021,570600,0.0,0.0,0.0
2024-11-05 00:00:00-05:00,201.2500762939453,201.3188752981935,198.43882629105715,198.55677601187853,995100,0.0,0.0,0.0
2024-11-06 00:00:00-05:00,205.89944458007812,206.55802218093544,203.98268663747956,206.55802218093544,828900,0.0,0.0,0.0
2024-11-07 00:00:00-05:00,206.87257385253906,207.1674481511043,206.19433296845358,206.95119699969464,492100,0.0,0.0,0.0
2024-11-08 00:00:00-05:00,210.19493103027344,210.8535085710687,207.78669614260338,207.89482170892447,13786600,0.0,0.0,0.0
2024-11-11 00:00:00-05:00,209.9590606689453,211.22706521429367,209.61502063794023,211.04030148310196,1426300,0.0,0.0,0.0
2024-11-12 00:00:00-05:00,208.8876190185547,210.2441007919115,207.6196145337984,210.0081863534647,1206400,0.0,0.0,0.0
2024-11-13 00:00:00-05:00,208.35684204101562,209.78212289851908,208.16025416389334,209.27098241904628,948800,0.0,0.0,0.0
2024-11-14 00:00:00-05:00,206.20416259765625,208.7205233369717,206.09603701907506,208.7205233369717,717400,0.0,0.0,0.0
2024-11-15 00:00:00-05:00,204.85751342773438,205.91910589316117,204.27757397862953,205.33915144536368,1087400,0.0,0.0,0.0
2024-11-18 00:00:00-05:00,205.84046936035156,206.20415766201359,204.18909829051933,205.13274104452242,654500,0.0,0.0,0.0
2024-11-19 00:00:00-05:00,207.39353942871094,207.59012729491786,204.95580189192822,205.1524047568279,613100,0.0,0.0,0.0
2024-11-20 00:00:00-05:00,208.0029754638672,208.26837734420292,206.03706671792966,207.89484988289288,1111400,0.0,0.0,0.0
2024-11-21 00:00:00-05:00,210.16546630859375,210.84370720709276,208.17989433013298,209.57570270023726,912900,0.0,0.0,0.0
2024-11-22 00:00:00-05:00,211.24673461914062,211.47280993248606,210.22445363944195,210.38172994381003,583700,0.0,0.0,0.0
2024-11-25 00:00:00-05:00,210.80438232421875,212.54420060766017,209.86073961225205,212.5245523210405,936700,0.0,0.0,0.0
2024-11-26 00:00:00-05:00,212.57369995117188,212.7309762450971,210.95183129131001,211.08944429882138,626100,0.0,0.0,0.0
2024-11-27 00:00:00-05:00,211.5809326171875,213.03570091592,210.85354096847442,212.80962560567292,735100,0.0,0.0,0.0
2024-11-29 00:00:00-05:00,212.82928466796875,213.36991257190837,212.1608678961816,212.3672949135743,400400,0.0,0.0,0.0
2024-12-02 00:00:00-05:00,211.1287841796875,213.19299456780618,211.1287841796875,212.90794437070537,882700,0.0,0.0,0.0
2024-12-03 00:00:00-05:00,211.6005859375,212.08222396713546,211.12875705308696,211.45313378661106,541300,0.0,0.0,0.0
2024-12-04 00:00:00-05:00,212.9668731689453,213.0061847398467,211.7381803462666,212.68180803481653,480800,0.0,0.0,0.0
2024-12-05 00:00:00-05:00,212.89808654785156,214.0088298019638,212.7899609656044,213.1831517186366,382000,0.0,0.0,0.0
2024-12-06 00:00:00-05:00,213.84169006347656,214.0579411882352,213.09463526933192,213.31088639409055,391600,0.0,0.0,0.0
2024-12-09 00:00:00-05:00,209.35943603515625,213.98914226236798,209.14318489517058,213.98914226236798,1654100,0.0,0.0,0.0
2024-12-10 00:00:00-05:00,207.38369750976562,209.09404342012232,207.18710964619066,208.7794908394483,1338900,0.0,0.0,0.0
2024-12-11 00:00:00-05:00,209.71331787109375,210.04751875247769,208.48462492598233,209.0449011096327,698600,0.0,0.0,0.0
2024-12-12 00:00:00-05:00,208.1798858642578,209.62482989394505,208.1798858642578,209.6150057504145,935200,0.0,0.0,0.0
2024-12-13 00:00:00-05:00,210.63726806640625,211.31550892585176,209.81159006303437,210.45051935033024,836700,0.0,0.0,0.0
2024-12-16 00:00:00-05:00,212.36727905273438,212.898067774155,211.23687261097817,211.23687261097817,993500,0.0,0.0,0.0
2024-12-17 00:00:00-05:00,209.8105926513672,210.6489974149015,208.9327246926083,210.6489974149015,968500,0.748,0.0,0.0
2024-12-18 00:00:00-05:00,202.55091857910156,210.2347279237959,202.3733642990186,210.11636843760684,1253700,0.0,0.0,0.0
2024-12-19 00:00:00-05:00,202.3931121826172,205.76649326764033,202.3931121826172,204.7899822756071,1628400,0.0,0.0,0.0
2024-12-20 00:00:00-05:00,206.25965881347656,207.43344054000917,201.46590402031254,201.78154938073777,1269700,0.0,0.0,0.0
2024-12-23 00:00:00-05:00,207.0684814453125,207.25589400371553,204.12910540785398,205.8453932549766,632100,0.0,0.0,0.0
2024-12-24 00:00:00-05:00,209.73171997070312,209.7908997236493,207.66033831277554,208.02529015647823,400400,0.0,0.0,0.0
2024-12-26 00:00:00-05:00,210.02760314941406,210.5207877884358,208.5184593580716,209.00178572260117,365600,0.0,0.0,0.0
2024-12-27 00:00:00-05:00,207.48277282714844,208.8932735967448,206.17089994972807,208.8932735967448,758600,0.0,0.0,0.0
2024-12-30 00:00:00-05:00,205.05630493164062,206.41749932717653,203.29071057797054,204.94780371097036,936900,0.0,0.0,0.0
2024-12-31 00:00:00-05:00,204.0995330810547,205.77635787539938,203.52743708283336,205.7171781257215,1508600,0.0,0.0,0.0
2025-01-02 00:00:00-05:00,205.1450653076172,206.79230009206586,203.45838237688463,205.3719410638489,920700,0.0,0.0,0.0
2025-01-03 00:00:00-05:00,208.38037109375,208.46915576858936,206.12159203867856,206.3977742362209,795000,0.0,0.0,0.0
2025-01-06 00:00:00-05:00,209.0116424560547,210.12624454828213,208.46915139777116,209.5147004166603,794200,0.0,0.0,0.0
2025-01-07 00:00:00-05:00,205.9835205078125,209.7810336101741,205.25360174450967,209.7810336101741,915200,0.0,0.0,0.0
2025-01-08 00:00:00-05:00,206.92054748535156,207.11781833226968,204.37571292294555,205.93417819996012,943300,0.0,0.0,0.0
2025-01-10 00:00:00-05:00,204.07980346679688,205.88486110354273,203.192077111388,205.60867890182436,1026100,0.0,0.0,0.0
2025-01-13 00:00:00-05:00,204.02061462402344,204.1291158449202,201.83087365741636,202.01828622540174,660300,0.0,0.0,0.0
2025-01-14 00:00:00-05:00,206.1413116455078,206.7331241554667,204.48420350586275,205.47057273992763,1055800,0.0,0.0,0.0
2025-01-15 00:00:00-05:00,210.07691955566406,210.41229654071694,208.774919966472,209.79087909428412,1275500,0.0,0.0,0.0
2025-01-16 00:00:00-05:00,211.47756958007812,212.29625789619445,210.4616104162858,211.2901720578065,1021800,0.0,0.0,0.0
2025-01-17 00:00:00-05:00,214.3873748779297,214.57477240357022,212.6217653901062,213.5588132215136,738100,0.0,0.0,0.0
2025-01-21 00:00:00-05:00,217.76075744628906,218.0862611256768,215.70910746914296,216.07405929869833,679200,0.0,0.0,0.0
2025-01-22 00:00:00-05:00,218.9542694091797,219.90119063049866,218.53013780277792,219.90119063049866,2978500,0.0,0.0,0.0
2025-01-23 00:00:00-05:00,220.72972106933594,220.72972106933594,218.62874964103943,218.96412664213355,1482600,0.0,0.0,0.0
2025-01-24 00:00:00-05:00,219.97019958496094,220.97630042760218,219.4770149631878,220.70997651762062,584800,0.0,0.0,0.0
2025-01-27 00:00:00-05:00,211.00411987304688,213.13468118357008,209.19906223919816,212.48367383022114,1325500,0.0,0.0,0.0
2025-01-28 00:00:00-05:00,213.341796875,213.67717385611635,209.97828919609938,212.2765313376193,842500,0.0,0.0,0.0
2025-01-29 00:00:00-05:00,213.39112854003906,215.14686467179348,212.17789852782695,213.47989816392754,631200,0.0,0.0,0.0
2025-01-30 00:00:00-05:00,216.8927459716797,217.53387999989673,215.5118349643809,215.5118349643809,657500,0.0,0.0,0.0
2025-01-31 00:00:00-05:00,216.1431121826172,219.44744034776141,215.69923395151906,217.45498517384206,1044500,0.0,0.0,0.0
2025-02-03 00:00:00-05:00,216.08392333984375,216.94205978902988,211.67485149609328,211.67485149609328,1069400,0.0,0.0,0.0
2025-02-04 00:00:00-05:00,217.36619567871094,217.99747142244638,216.39955798847876,216.9815122575409,976000,0.0,0.0,0.0
2025-02-05 00:00:00-05:00,220.7593231201172,221.0453786617569,218.23421997732146,218.91481724097227,864800,0.0,0.0,0.0
2025-02-06 00:00:00-05:00,223.01809692382812,223.0772766716231,221.12425468958477,222.31776812305264,1279100,0.0,0.0,0.0
2025-02-07 00:00:00-05:00,221.80482482910156,224.43842864026502,221.64701720450202,223.8466161837197,1082200,0.0,0.0,0.0
2025-02-10 00:00:00-05:00,223.9847412109375,224.00447281105266,222.24873667083006,223.32387558968978,1208200,0.0,0.0,0.0
2025-02-11 00:00:00-05:00,222.8800048828125,223.1759036205317,221.60758010741787,222.7616303369243,1533900,0.0,0.0,0.0
2025-02-12 00:00:00-05:00,222.41639709472656,222.76161728543957,219.87156274383833,220.1674765150206,998900,0.0,0.0,0.0
2025-02-13 00:00:00-05:00,224.60614013671875,224.7244996260345,222.3374879364352,223.9255429715537,810300,0.0,0.0,0.0
2025-02-14 00:00:00-05:00,225.1881103515625,225.6319735188164,223.74800457582228,224.69492570999134,518900,0.0,0.0,0.0
2025-02-18 00:00:00-05:00,226.3520050048828,226.3520050048828,225.05986373130855,225.85882039354607,673300,0.0,0.0,0.0
2025-02-19 00:00:00-05:00,226.07583618164062,226.63807389616167,225.04014542649185,226.07583618164062,489800,0.0,0.0,0.0
2025-02-20 00:00:00-05:00,222.1007843017578,224.78371013260778,220.21681523472682,224.78371013260778,750900,0.0,0.0,0.0
2025-02-21 00:00:00-05:00,216.92233276367188,222.38682706660438,216.5080594673703,222.38682706660438,1002600,0.0,0.0,0.0
2025-02-24 00:00:00-05:00,214.69313049316406,218.01718998633044,213.82512075337934,217.39577255436637,1239700,0.0,0.0,0.0
2025-02-25 00:00:00-05:00,213.8941650390625,214.98903544285056,211.1421865683631,214.3084382930905,851900,0.0,0.0,0.0
2025-02-26 00:00:00-05:00,215.22576904296875,217.19850755857948,214.21966818578318,214.82135403507647,1242500,0.0,0.0,0.0
2025-02-27 00:00:00-05:00,211.53675842285156,217.4549739912699,211.3296142556047,216.64614397253516,1328800,0.0,0.0,0.0
2025-02-28 00:00:00-05:00,215.45262145996094,215.7386769621554,210.93506367790886,211.3394636194254,1004300,0.0,0.0,0.0
2025-03-03 00:00:00-05:00,211.42825317382812,217.57332934106597,209.6429122020314,217.05055484654653,1244500,0.0,0.0,0.0
2025-03-04 00:00:00-05:00,207.078369140625,211.2211171082513,203.6260766591363,208.6269610844764,4982000,0.0,0.0,0.0
2025-03-05 00:00:00-05:00,209.72183227539062,210.35310801490058,205.83553488964475,207.62087593574083,1076700,0.0,0.0,0.0
2025-03-06 00:00:00-05:00,201.61387634277344,206.73313535297817,200.96288405163827,205.7960875400222,2427000,0.0,0.0,0.0
2025-03-07 00:00:00-05:00,201.56455993652344,202.57064572336074,196.07047605291132,200.97273237301903,2401900,0.0,0.0,0.0
2025-03-10 00:00:00-04:00,193.44674682617188,197.6684063248897,190.97096524352986,197.19495326403575,2102600,0.0,0.0,0.0
2025-03-11 00:00:00-04:00,194.0977325439453,196.5636555766215,191.89813341302207,192.63791032282492,7860700,0.0,0.0,0.0
2025-03-12 00:00:00-04:00,197.15548706054688,199.38467610829898,194.67969065380447,198.2700740590229,2110800,0.0,0.0,0.0
2025-03-13 00:00:00-04:00,194.0583038330078,197.06671819353022,192.90425354423144,196.8990372166107,1181800,0.0,0.0,0.0
2025-03-14 00:00:00-04:00,199.23672485351562,199.45372728672834,195.88306046346455,196.29733373119794,1467500,0.0,0.0,0.0
2025-03-17 00:00:00-04:00,201.57443237304688,202.77780413280016,198.7534155503009,198.8323269010324,991100,0.0,0.0,0.0
2025-03-18 00:00:00-04:00,198.13990783691406,200.58254016240977,197.5069999725982,200.19686216836905,921100,0.527,0.0,0.0
2025-03-19 00:00:00-04:00,201.91758728027344,203.84599248222708,198.3179207075228,198.80249672125044,955600,0.0,0.0,0.0
2025-03-20 00:00:00-04:00,201.6307830810547,203.6580709415767,200.63197988359275,200.63197988359275,654000,0.0,0.0,0.0
2025-03-21 00:00:00-04:00,202.46148681640625,202.49115319449385,199.3068311689036,199.7419581671404,874600,0.0,0.0,0.0
2025-03-24 00:00:00-04:00,208.1280059814453,208.5829005042041,205.4084773385183,205.87325562404516,937600,0.0,0.0,0.0
2025-03-25 00:00:00-04:00,208.71145629882812,209.00813515654465,207.3863078360363,208.79057166686678,701200,0.0,0.0,0.0
2025-03-26 00:00:00-04:00,204.71621704101562,208.86969094742227,203.78664540100442,208.32578221303913,1081000,0.0,0.0,0.0
2025-03-27 00:00:00-04:00,202.55047607421875,205.39855364757494,202.12523289118812,203.28226676313162,711000,0.0,0.0,0.0
2025-03-28 00:00:00-04:00,198.63436889648438,202.5307140922486,197.78389753350177,202.09558710332067,970000,0.0,0.0,0.0
2025-03-31 00:00:00-04:00,199.89031982421875,200.2562152406409,193.67990605998253,195.15338657890328,1336100,0.0,0.0,0.0
2025-04-01 00:00:00-04:00,201.28465270996094,201.90767677513435,197.4476556098779,198.94091850625205,807400,0.0,0.0,0.0
2025-04-02 00:00:00-04:00,203.81631469726562,205.00301507764235,198.545371958964,198.61458847721468,833500,0.0,0.0,0.0
2025-04-03 00:00:00-04:00,192.8294219970703,197.21032821306662,192.5426268869822,194.58969752965058,940100,0.0,0.0,0.0
2025-04-04 00:00:00-04:00,179.1526641845703,187.34091661761155,178.3714093121355,186.22343272930792,2172500,0.0,0.0,0.0
2025-04-07 00:00:00-04:00,180.6855010986328,187.3903745695416,169.61948870672938,171.409430712336,2204100,0.0,0.0,0.0
2025-04-08 00:00:00-04:00,178.836181640625,189.75386032584638,176.13643588915923,188.21114846786594,1666500,0.0,0.0,0.0
2025-04-09 00:00:00-04:00,197.5762176513672,199.2277264734642,177.05613829787123,178.15383953193594,1825600,0.0,0.0,0.0
2025-04-10 00:00:00-04:00,191.11859130859375,194.63915766499335,185.46197014199453,193.7590047586071,1009500,0.0,0.0,0.0
2025-04-11 00:00:00-04:00,193.88754272460938,194.7380140454248,188.7550484237347,190.23842758168863,710100,0.0,0.0,0.0
2025-04-14 00:00:00-04:00,195.60826110839844,197.88277875529974,193.79853678850486,197.79376454076763,712200,0.0,0.0,0.0
2025-04-15 00:00:00-04:00,196.69607543945312,198.74314597388792,195.72693858943046,195.72693858943046,577700,0.0,0.0,0.0
2025-04-16 00:00:00-04:00,192.54261779785156,195.7862724523889,190.2186660970977,194.20401035416126,650500,0.0,0.0,0.0
2025-04-17 00:00:00-04:00,193.18544006347656,194.98526579722014,192.0877387597568,193.73923259693612,514400,0.0,0.0,0.0
2025-04-21 00:00:00-04:00,187.83538818359375,191.99873118164473,185.62020288332164,191.12849220880398,724800,0.0,0.0,0.0
2025-04-22 00:00:00-04:00,193.6007537841797,194.589673177136,190.16920228344424,190.20875241968903,680200,0.0,0.0,0.0
2025-04-23 00:00:00-04:00,198.11024475097656,202.20437086716274,197.49711949121635,200.13753273885612,1042300,0.0,0.0,0.0
2025-04-24 00:00:00-04:00,202.55047607421875,203.02515315482606,197.73442839886158,198.1300052074613,845200,0.0,0.0,0.0
2025-04-25 00:00:00-04:00,204.49864196777344,204.94366778234212,202.11535761341327,202.5010355869166,606500,0.0,0.0,0.0
2025-04-28 00:00:00-04:00,205.45790100097656,206.49626944900655,202.76803887014478,205.03267287743182,452100,0.0,0.0,0.0
2025-04-29 00:00:00-04:00,206.99075317382812,207.4258801998055,204.30089073116358,204.76568413711985,444100,0.0,0.0,0.0
2025-04-30 00:00:00-04:00,207.30722045898438,207.9005631648181,201.55170114718933,203.22297768459475,707900,0.0,0.0,0.0
2025-05-01 00:00:00-04:00,209.17625427246094,211.51998862970274,208.66201191371482,209.9080450359737,652700,0.0,0.0,0.0
2025-05-02 00:00:00-04:00,213.98240661621094,214.85264551674064,212.08368298362694,212.22213111028262,1021800,0.0,0.0,0.0
2025-05-05 00:00:00-04:00,213.6461639404297,214.78343042883924,211.90567103806362,212.21223367129207,2675400,0.0,0.0,0.0
2025-05-06 00:00:00-04:00,211.69798278808594,212.8154514469015,210.24427006574481,210.50138367694674,1548100,0.0,0.0,0.0
2025-05-07 00:00:00-04:00,213.29014587402344,214.0714007122569,211.22330778554587,211.93533101722363,879000,0.0,0.0,0.0
2025-05-08 00:00:00-04:00,215.22845458984375,217.33485810244346,213.9824213640649,215.66358161495498,1422000,0.0,0.0,0.0
2025-05-09 00:00:00-04:00,214.80319213867188,216.3162376319864,213.99227097769926,216.1678906663459,661600,0.0,0.0,0.0
2025-05-12 00:00:00-04:00,220.77627563476562,222.03220760929716,218.4424250401444,222.03220760929716,861700,0.0,0.0,0.0
2025-05-13 00:00:00-04:00,224.94952392578125,225.8395454559339,221.30040849066972,221.30040849066972,1470100,0.0,0.0,0.0
2025-05-14 00:00:00-04:00,225.9680938720703,226.35377185320874,224.7813935523916,225.82964575293636,1203300,0.0,0.0,0.0
2025-05-15 00:00:00-04:00,226.4032440185547,227.016369310378,224.47485391546948,224.9791974532872,530800,0.0,0.0,0.0
2025-05-16 00:00:00-04:00,228.11407470703125,228.13385732349127,226.0175700537193,226.7592597289625,624500,0.0,0.0,0.0
2025-05-19 00:00:00-04:00,228.63818359375,228.8260807116346,224.74183837987124,224.74183837987124,611500,0.0,0.0,0.0
2025-05-20 00:00:00-04:00,227.77781677246094,228.33160924534928,226.61088398483497,228.0151628707187,1074800,0.0,0.0,0.0
2025-05-21 00:00:00-04:00,223.62435913085938,227.87670067647372,223.02111766526974,226.20543948825596,1868300,0.0,0.0,0.0
2025-05-22 00:00:00-04:00,223.75291442871094,225.3450753831181,223.04089120129197,223.2980199215738,777100,0.0,0.0,0.0
2025-05-23 00:00:00-04:00,223.2288055419922,224.5440703527591,220.99385279383642,221.00373655702782,791100,0.0,0.0,0.0
2025-05-27 00:00:00-04:00,228.02505493164062,228.1140540630839,225.30552636852843,226.53179195291958,1021500,0.0,0.0,0.0
2025-05-28 00:00:00-04:00,227.5701446533203,228.78652647160308,227.2437994159552,228.28216788216898,773200,0.0,0.0,0.0
2025-05-29 00:00:00-04:00,227.7679443359375,230.03256333011518,226.62079410522009,230.00289695257197,806000,0.0,0.0,0.0
2025-05-30 00:00:00-04:00,228.9744110107422,229.39965423611667,225.99776879197606,227.3031497557707,880100,0.0,0.0,0.0
2025-06-02 00:00:00-04:00,230.91270446777344,230.9720372237321,227.32292183513337,228.57885383187676,1165000,0.0,0.0,0.0
2025-06-03 00:00:00-04:00,231.703857421875,232.04008645291418,230.29959344837457,231.239064018497,1580700,0.0,0.0,0.0
2025-06-04 00:00:00-04:00,231.13026428222656,232.17851652669296,230.75447004752584,232.14885014918647,952500,0.0,0.0,0.0
2025-06-05 00:00:00-04:00,228.8458709716797,231.76318055337788,227.67893808517175,231.35771992647256,1499300,0.0,0.0,0.0
2025-06-06 00:00:00-04:00,230.16111755371094,231.18958713923612,229.4293117305495,230.51712915826067,875000,0.0,0.0,0.0
2025-06-09 00:00:00-04:00,228.8854217529297,229.70622677199017,227.3229270878197,229.70622677199017,1880600,0.0,0.0,0.0
2025-06-10 00:00:00-04:00,228.7964324951172,229.71612045286273,226.7493617405763,229.42934041681636,1447800,0.0,0.0,0.0
2025-06-11 00:00:00-04:00,229.79522705078125,230.89292833598205,228.43052835626924,229.43921541531842,1360800,0.0,0.0,0.0
2025-06-12 00:00:00-04:00,229.7161102294922,230.21056999286765,228.84587130695724,228.96453682145872,1053100,0.0,0.0,0.0
2025-06-13 00:00:00-04:00,227.70860290527344,229.33043031208015,227.05592749122408,227.40204026888227,1014300,0.0,0.0,0.0
2025-06-16 00:00:00-04:00,229.62213134765625,230.97972325637048,229.00774933711008,229.30502119986204,642800,0.471,0.0,0.0
2025-06-17 00:00:00-04:00,227.87806701660156,229.27529010967726,227.3924977813011,228.65100408788388,868400,0.0,0.0,0.0
2025-06-18 00:00:00-04:00,228.1852569580078,229.6023032085699,227.6600565176665,228.39334725742557,662100,0.0,0.0,0.0
2025-06-20 00:00:00-04:00,228.21498107910156,229.5923961038738,227.55104874118265,229.2059275752152,812200,0.0,0.0,0.0
2025-06-23 00:00:00-04:00,232.109375,232.21837971068626,228.13568531160587,228.13568531160587,861800,0.0,0.0,0.0
2025-06-24 00:00:00-04:00,234.74530029296875,235.23086948936526,233.13997190748546,233.87326259189504,897100,0.0,0.0,0.0
2025-06-25 00:00:00-04:00,233.07061767578125,235.6173574813041,232.89225456070568,235.6173574813041,1208100,0.0,0.0,0.0
2025-06-26 00:00:00-04:00,234.983154296875,235.20116374201262,233.67509762604928,233.76427918433902,1067500,0.0,0.0,0.0
2025-06-27 00:00:00-04:00,235.55789184570312,237.0343924075938,234.4480215181661,235.577699888224,871500,0.0,0.0,0.0
2025-06-30 00:00:00-04:00,238.14425659179688,238.57035630465055,236.79656882363025,237.01456313023817,2799400,0.0,0.0,0.0
2025-07-01 00:00:00-04:00,234.66604614257812,237.52988101912493,233.53636769938842,237.38124508738053,2121200,0.0,0.0,0.0
2025-07-02 00:00:00-04:00,234.75523376464844,235.082247943576,233.70483283147507,234.78496095176507,1391800,0.0,0.0,0.0
2025-07-03 00:00:00-04:00,237.20285034179688,237.3118550577052,235.4389668448388,235.47861317097443,710100,0.0,0.0,0.0
2025-07-07 00:00:00-04:00,236.41012573242188,236.78667513944902,235.35970968789837,236.18219713901837,1000400,0.0,0.0,0.0
2025-07-08 00:00:00-04:00,234.28945922851562,236.51908871544393,233.45706784901665,236.49928067353395,1296300,0.0,0.0,0.0
2025-07-09 00:00:00-04:00,235.7362518310547,235.84525654604874,234.25973616807025,235.10204670399187,961600,0.0,0.0,0.0
2025-07-10 00:00:00-04:00,235.45880126953125,236.24164236075637,234.091290244665,235.97409768943857,1082900,0.0,0.0,0.0
2025-07-11 00:00:00-04:00,234.111083984375,234.93357130025746,233.64533797272298,234.75519308782128,539800,0.0,0.0,0.0
2025-07-14 00:00:00-04:00,237.04432678222656,237.10378115489604,234.2696734660464,234.2696734660464,655400,0.0,0.0,0.0
2025-07-15 00:00:00-04:00,235.0822296142578,237.1235769472078,235.0822296142578,237.0145722293977,558500,0.0,0.0,0.0
2025-07-16 00:00:00-04:00,236.00381469726562,236.18217780378544,233.76426600000704,235.64707336358285,417300,0.0,0.0,0.0
2025-07-17 00:00:00-04:00,237.10377502441406,237.3118653233769,235.73626400579772,236.24164128106545,1076300,0.0,0.0,0.0
2025-07-18 00:00:00-04:00,236.90557861328125,237.57941495148106,236.45964060757734,237.57941495148106,655700,0.0,0.0,0.0
2025-07-21 00:00:00-04:00,237.38121032714844,238.8081755455175,237.11365056854376,237.34156400405936,694300,0.0,0.0,0.0
2025-07-22 00:00:00-04:00,235.40924072265625,237.02448830550094,234.5173949489411,237.02448830550094,660400,0.0,0.0,0.0
2025-07-23 00:00:00-04:00,238.1838836669922,238.1838836669922,235.91462300349826,236.41009621672458,710500,0.0,0.0,0.0
2025-07-24 00:00:00-04:00,237.43080139160156,238.17401131024727,236.97495932174863,237.95600185779296,676900,0.0,0.0,0.0
2025-07-25 00:00:00-04:00,239.10546875,239.4324829018431,237.50014029608235,237.6388721980179,712200,0.0,0.0,0.0
2025-07-28 00:00:00-04:00,238.56045532226562,239.68021453579658,237.9361542162192,239.5018514315793,1417400,0.0,0.0,0.0
2025-07-29 00:00:00-04:00,238.5109100341797,239.9180522174304,238.19379990354352,239.4820333481273,1912200,0.0,0.0,0.0
2025-07-30 00:00:00-04:00,239.16494750976562,240.1856212108469,238.1145315022338,238.54064636653663,738400,0.0,0.0,0.0
2025-07-31 00:00:00-04:00,239.10546875,242.0089497899529,238.70909620751075,240.9189026171426,729700,0.0,0.0,0.0
2025-08-01 00:00:00-04:00,236.6182098388672,238.37218942048182,234.57686241831786,236.72721456135497,1063100,0.0,0.0,0.0
2025-08-04 00:00:00-04:00,240.14598083496094,240.18562716411515,237.8668007692087,237.8668007692087,843000,0.0,0.0,0.0
2025-08-05 00:00:00-04:00,238.94692993164062,241.38464980866155,238.3226288096664,240.6711671323034,868200,0.0,0.0,0.0
2025-08-06 00:00:00-04:00,241.8503875732422,242.018846654851,238.8279978840425,239.5018493311205,1530000,0.0,0.0,0.0
2025-08-07 00:00:00-04:00,241.662109375,243.17825625550648,240.4234262948056,242.9899891286571,927900,0.0,0.0,0.0
2025-08-08 00:00:00-04:00,243.4359130859375,244.53586427082203,242.41523943301183,242.41523943301183,649600,0.0,0.0,0.0
2025-08-11 00:00:00-04:00,243.4755401611328,244.55566816454294,243.12871797541987,243.87192781420273,542600,0.0,0.0,0.0
2025-08-12 00:00:00-04:00,245.61598205566406,245.7547139506492,243.65391236354765,244.70431315709843,653200,0.0,0.0,0.0
2025-08-13 00:00:00-04:00,244.0304718017578,246.64656987283277,243.00979814922076,246.47811078772543,931500,0.0,0.0,0.0
2025-08-14 00:00:00-04:00,243.7332000732422,244.75387372626255,243.07917177500298,243.18817649137617,477200,0.0,0.0,0.0
2025-08-15 00:00:00-04:00,242.64315795898438,244.01066895273502,242.1774118993923,244.01066895273502,439400,0.0,0.0,0.0
2025-08-18 00:00:00-04:00,242.62332153320312,242.762053429287,241.45401199773082,242.22694900743278,412100,0.0,0.0,0.0
2025-08-19 00:00:00-04:00,239.91802978515625,242.0882047867766,239.4423797543184,242.0882047867766,941500,0.0,0.0,0.0
2025-08-20 00:00:00-04:00,240.66128540039062,241.14685466474765,237.6190721624005,239.7198891798692,1448200,0.0,0.0,0.0
2025-08-21 00:00:00-04:00,239.3433074951172,240.58199062301418,238.61992078220558,239.61086728452315,1365100,0.0,0.0,0.0
2025-08-22 00:00:00-04:00,241.45401000976562,242.93051050864983,240.02704473571288,240.2549581801222,720800,0.0,0.0,0.0
2025-08-25 00:00:00-04:00,240.64144897460938,241.6026683074097,240.5720905810345,241.2558460982475,621600,0.0,0.0,0.0
2025-08-26 00:00:00-04:00,242.9503631591797,243.019736675392,240.3937192529618,240.49281995593816,656400,0.0,0.0,0.0
2025-08-27 00:00:00-04:00,242.553955078125,243.1881601706494,241.77109895289888,242.70259099018458,480900,0.0,0.0,0.0
2025-08-28 00:00:00-04:00,244.08995056152344,244.37731839511628,242.37560221966137,242.90080265807305,574000,0.0,0.0,0.0
2025-08-29 00:00:00-04:00,241.5233917236328,243.68366300567249,240.56217238704292,243.66383984143985,568400,0.0,0.0,0.0
2025-09-02 00:00:00-04:00,240.2946014404297,240.37387896804856,237.32176219761143,238.342435794661,694500,0.0,0.0,0.0
2025-09-03 00:00:00-04:00,240.4729766845703,241.29546406444166,239.01628417235324,240.57207737926058,973700,0.0,0.0,0.0
2025-09-04 00:00:00-04:00,242.72242736816406,242.88098243008895,240.8990895179565,240.8990895179565,594300,0.0,0.0,0.0
2025-09-05 00:00:00-04:00,242.08822631835938,245.85382593895986,239.56130978870354,245.1799744747515,1087200,0.0,0.0,0.0
2025-09-08 00:00:00-04:00,244.2484893798828,244.88269453581958,243.3169972494599,243.3169972494599,626400,0.0,0.0,0.0
2025-09-09 00:00:00-04:00,246.1907501220703,246.388936397332,244.0304788959802,244.49622495919914,530200,0.0,0.0,0.0
2025-09-10 00:00:00-04:00,252.06704711914062,253.07781674584007,250.5112690339501,250.8184600183776,1074400,0.0,0.0,0.0
2025-09-11 00:00:00-04:00,251.6607666015625,252.89944966163338,251.40311084785637,252.81025298961973,837300,0.0,0.0,0.0
2025-09-12 00:00:00-04:00,251.22476196289062,252.0175221903299,250.63018801215026,251.88869430618598,368700,0.0,0.0,0.0
2025-09-15 00:00:00-04:00,252.31478881835938,252.51299021159622,251.41303900996257,251.67067965226974,459300,0.0,0.0,0.0
2025-09-16 00:00:00-04:00,251.70289611816406,253.02399051746258,251.01752999214867,252.82533301035974,717800,0.604,0.0,0.0
2025-09-17 00:00:00-04:00,251.42477416992188,252.22934693057374,249.23951126475222,252.0704300178423,2305200,0.0,0.0,0.0
2025-09-18 00:00:00-04:00,252.97433471679688,254.06697379416457,251.91150866571826,252.68628359090738,998500,0.0,0.0,0.0
2025-09-19 00:00:00-04:00,255.090087890625,255.35826873203226,252.90482477695605,253.8385318275977,507700,0.0,0.0,0.0
2025-09-22 00:00:00-04:00,255.96417236328125,256.2621510447157,254.0272351509762,254.20602235983688,904700,0.0,0.0,0.0
2025-09-23 00:00:00-04:00,255.07022094726562,256.27210878371193,253.95771156388906,256.03372582460037,1228200,0.0,0.0,0.0
2025-09-24 00:00:00-04:00,253.44119262695312,255.71586443034096,252.93461367677634,255.41788572823535,477400,0.0,0.0,0.0
2025-09-25 00:00:00-04:00,251.8916473388672,252.84522467277029,250.06397386853362,251.2956747672006,931700,0.0,0.0,0.0
2025-09-26 00:00:00-04:00,252.9544677734375,253.6199787598412,251.56383490742994,252.54721003118266,577600,0.0,0.0,0.0
2025-09-29 00:00:00-04:00,253.92791748046875,255.0205414247493,253.3021318902753,254.23583891164415,540200,0.0,0.0,0.0
2025-09-30 00:00:00-04:00,254.7324981689453,254.9510259828753,252.9842756575053,253.71930998018178,920000,0.0,0.0,0.0
2025-10-01 00:00:00-04:00,254.1861572265625,254.504021368679,252.55714138970683,253.47097806339693,1094300,0.0,0.0,0.0
2025-10-02 00:00:00-04:00,254.09677124023438,255.01062309792582,252.7558216365336,255.01062309792582,828200,0.0,0.0,0.0
2025-10-03 00:00:00-04:00,252.5670928955078,254.6232216936264,252.08036909469854,254.59342382384185,618400,0.0,0.0,0.0
2025-10-06 00:00:00-04:00,252.50750732421875,253.778933674882,252.0207835038095,253.49086737990186,1147600,0.0,0.0,0.0
2025-10-07 00:00:00-04:00,252.79554748535156,253.6597160195716,250.8685377435118,253.44118820410952,751500,0.0,0.0,0.0
2025-10-08 00:00:00-04:00,254.20603942871094,254.22590972767284,252.56709594438837,253.6001241414492,496600,0.0,0.0,0.0
2025-10-09 00:00:00-04:00,254.3252410888672,254.64307492645452,253.15313597860776,254.25570262215996,639100,0.0,0.0,0.0
2025-10-10 00:00:00-04:00,248.29588317871094,255.65626000255418,248.26608530951293,254.45437219397647,1399900,0.0,0.0,0.0
2025-10-13 00:00:00-04:00,253.03395080566406,253.2624061968578,251.18640706385145,251.6035924046998,755700,0.0,0.0,0.0
2025-10-14 00:00:00-04:00,252.4180908203125,254.18616850867153,248.1469011063693,250.6301579896373,690000,0.0,0.0,0.0
2025-10-15 00:00:00-04:00,253.15313720703125,256.2025687408263,251.3552616706672,254.59342315032973,1060300,0.0,0.0,0.0
2025-10-16 00:00:00-04:00,251.1963348388672,254.99074350771693,250.222902376098,254.24578159292415,888100,0.0,0.0,0.0
2025-10-17 00:00:00-04:00,251.10694885253906,251.66319599101143,248.49455765943011,250.39176962976094,539000,0.0,0.0,0.0
2025-10-20 00:00:00-04:00,252.5174102783203,253.1531233916777,251.53403516190662,251.98101833969605,1459000,0.0,0.0,0.0
2025-10-21 00:00:00-04:00,251.8717803955078,252.9246788637266,251.39498417259614,252.9246788637266,468500,0.0,0.0,0.0
2025-10-22 00:00:00-04:00,249.23953247070312,252.4180983447175,247.11386512152498,251.73271699944925,825600,0.0,0.0,0.0
2025-10-23 00:00:00-04:00,251.265869140625,251.9115098624842,249.1004612742627,249.1004612742627,479400,0.0,0.0,0.0
2025-10-24 00:00:00-04:00,253.78884887695312,254.4245771778977,253.2226590426482,253.65971467124913,522400,0.0,0.0,0.0
2025-10-27 00:00:00-04:00,256.1926574707031,256.42109770173596,255.28874833466705,256.23236775502545,766200,0.0,0.0,0.0
2025-10-28 00:00:00-04:00,256.2224426269531,256.99721751751247,255.81518488390117,256.78860212579804,501300,0.0,0.0,0.0
2025-10-29 00:00:00-04:00,256.2919616699219,257.22566866914883,254.24577561030506,256.7091621578889,628400,0.0,0.0,0.0
2025-10-30 00:00:00-04:00,251.86184692382812,254.97088943154304,251.80225118292327,253.14321597967245,547500,0.0,0.0,0.0
2025-10-31 00:00:00-04:00,252.5174102783203,254.10670064001184,251.2956522172702,252.80546138862135,426900,0.0,0.0,0.0
2025-11-03 00:00:00-05:00,251.82211303710938,254.03717388717587,250.53081645328433,253.9477802788164,521200,0.0,0.0,0.0
2025-11-04 00:00:00-05:00,247.5409698486328,250.19308621005024,247.103914240322,248.77265548304013,1056300,0.0,0.0,0.0
2025-11-05 00:00:00-05:00,248.4746856689453,249.63686326549984,246.62714188210677,247.34232110001832,608600,0.0,0.0,0.0
2025-11-06 00:00:00-05:00,245.27622985839844,247.9780144305961,244.49152738974968,247.9780144305961,894200,0.0,0.0,0.0
2025-11-07 00:00:00-05:00,246.51788330078125,246.60729207240206,241.5116438237307,243.87570935387575,796900,0.0,0.0,0.0
2025-11-10 00:00:00-05:00,250.92813110351562,251.27579312207143,248.53428304035742,249.21964919333828,653700,0.0,0.0,0.0
2025-11-11 00:00:00-05:00,250.08383178710938,250.6202085907149,248.325681716708,250.25269143188513,462400,0.0,0.0,0.0
2025-11-12 00:00:00-05:00,249.90504455566406,251.05727942622244,249.13026959429493,250.7394152592004,399200,0.0,0.0,0.0
2025-11-13 00:00:00-05:00,244.1438751220703,249.14020187548334,243.42871108945423,249.14020187548334,1041800,0.0,0.0,0.0
2025-11-14 00:00:00-05:00,244.42201232910156,245.93182158005305,239.9819478720048,241.06464422023367,772700,0.0,0.0,0.0
2025-11-17 00:00:00-05:00,241.7301483154297,245.017977863243,240.18059851158023,243.23997267974818,770100,0.0,0.0,0.0
2025-11-18 00:00:00-05:00,240.4189910888672,242.70359044659082,238.97870513180138,240.28987203777388,7568600,0.0,0.0,0.0
2025-11-19 00:00:00-05:00,241.32290649414062,242.63407343415045,239.32637336995936,240.60772728260756,1802100,0.0,0.0,0.0
2025-11-20 00:00:00-05:00,236.42591857910156,246.478137294543,236.26698650569935,245.4351664031614,1081600,0.0,0.0,0.0
2025-11-21 00:00:00-05:00,236.2371826171875,238.2933113217755,233.0685445837274,237.0914235442125,1513700,0.0,0.0,0.0
2025-11-24 00:00:00-05:00,240.67726135253906,241.06464882198824,236.87290996969347,237.17090382848448,666200,0.0,0.0,0.0
2025-11-25 00:00:00-05:00,242.57447814941406,242.98172076948924,236.23720157396127,240.13094664597506,647900,0.0,0.0,0.0
2025-11-26 00:00:00-05:00,246.02120971679688,246.9052636854228,244.13394061678724,244.3028002599168,722400,0.0,0.0,0.0
2025-11-28 00:00:00-05:00,248.57400512695312,248.57400512695312,246.50793365515827,246.98471471585043,466900,0.0,0.0,0.0
2025-12-01 00:00:00-05:00,245.9914093017578,247.30257615003538,244.73985334743543,246.10067320578094,740200,0.0,0.0,0.0
2025-12-02 00:00:00-05:00,247.14366149902344,249.34879487630127,246.2596226338335,247.41185749263764,676500,0.0,0.0,0.0
2025-12-03 00:00:00-05:00,248.1270294189453,248.4150805468897,244.51140802340393,246.11062605354323,424200,0.0,0.0,0.0
2025-12-04 00:00:00-05:00,249.91497802734375,250.23282702599553,247.89857465684946,248.71307503062982,477300,0.0,0.0,0.0
2025-12-05 00:00:00-05:00,251.09698486328125,252.22934934403304,249.8652992056965,250.23281635751175,332000,0.0,0.0,0.0
2025-12-08 00:00:00-05:00,251.6830596923828,252.75582849842547,250.65001632807622,252.5373006773836,532400,0.0,0.0,0.0
2025-12-09 00:00:00-05:00,251.80224609375,253.02400422739913,250.91820725613445,251.1466626438516,385300,0.0,0.0,0.0
2025-12-10 00:00:00-05:00,254.20603942871094,255.02053980698244,251.08706938196937,252.07044456652125,412000,0.0,0.0,0.0
2025-12-11 00:00:00-05:00,254.3450927734375,254.66295691989782,249.27925798114887,251.94130200306893,389700,0.0,0.0,0.0
2025-12-12 00:00:00-05:00,247.789306640625,253.22265865039745,246.63707183184317,253.22265865039745,551800,0.0,0.0,0.0
2025-12-15 00:00:00-05:00,246.6768035888672,249.78584607535905,246.6768035888672,249.55739068458405,649200,0.0,0.0,0.0
2025-12-16 00:00:00-05:00,246.7176513671875,247.93274992221703,244.9447682741582,246.02044349117864,508300,0.671,0.0,0.0
2025-12-17 00:00:00-05:00,240.91099548339844,247.64390838743597,240.771556953357,247.4247885262766,767100,0.0,0.0,0.0
2025-12-18 00:00:00-05:00,245.08421325683594,247.21563948177626,244.3272482065188,245.2933634540425,606300,0.0,0.0,0.0
2025-12-19 00:00:00-05:00,250.2434539794922,250.7912536347007,246.50847705442516,246.50847705442516,603100,0.0,0.0,0.0
2025-12-22 00:00:00-05:00,252.3748779296875,252.852950716444,250.80120584238492,252.60395225701626,757000,0.0,0.0,0.0
2025-12-23 00:00:00-05:00,253.30117797851562,253.36093518137014,251.38885630120586,251.6577789117121,448800,0.0,0.0,0.0
2025-12-24 00:00:00-05:00,254.44656372070312,254.63580499397733,252.92269426429428,253.1318444733209,244000,0.0,0.0,0.0
2025-12-26 00:00:00-05:00,254.00831604003906,255.01427957757733,253.54019770423938,255.01427957757733,541900,0.0,0.0,0.0
2025-12-29 00:00:00-05:00,252.4744873046875,253.47048115783173,251.44861485176176,251.9764903781154,656100,0.0,0.0,0.0
2025-12-30 00:00:00-05:00,251.77728271484375,252.99239644725222,251.6577683141676,252.59400497989154,1185800,0.0,0.0,0.0
2025-12-31 00:00:00-05:00,249.30722045898438,251.89681057190882,249.1877060591344,251.82708370688954,1276500,0.0,0.0,0.0
2026-01-02 00:00:00-05:00,251.71751403808594,252.66370512817363,249.57613340274756,251.68763543927915,1144300,0.0,0.0,0.0
2026-01-05 00:00:00-05:00,254.0979461669922,255.31305987989222,253.38082937912787,254.08799169964908,1052000,0.0,0.0,0.0
2026-01-06 00:00:00-05:00,257.0759582519531,257.2651995152394,253.0421953141573,254.60591295486142,1564300,0.0,0.0,0.0
2026-01-07 00:00:00-05:00,255.44253540039062,257.4843105666221,255.2035066108702,256.5580436119114,729900,0.0,0.0,0.0
2026-01-08 00:00:00-05:00,252.31512451171875,255.86087539313348,251.23944932715384,255.641755529741,687700,0.0,0.0,0.0
2026-01-09 00:00:00-05:00,255.96044921875,256.5082640722302,252.8429988095554,253.41070740001626,1064300,0.0,0.0,0.0
2026-01-12 00:00:00-05:00,257.91265869140625,258.32098948388983,254.21751426109262,254.21751426109262,409400,0.0,0.0,0.0
2026-01-13 00:00:00-05:00,257.8727722167969,259.0779162686538,256.92656589799174,258.61976760680506,466000,0.0,0.0,0.0
2026-01-14 00:00:00-05:00,254.7055206298828,256.76722013926195,252.51433704779262,256.6676450636278,549400,0.0,0.0,0.0
2026-01-15 00:00:00-05:00,256.1795349121094,258.82888184131957,256.02017227027915,257.5241325063577,492800,0.0,0.0,0.0
2026-01-16 00:00:00-05:00,257.3448791503906,258.48029626024953,256.0500689921018,258.07193516077274,582600,0.0,0.0,0.0
2026-01-20 00:00:00-05:00,251.82708740234375,255.53218582866594,251.56813446631537,252.98244394338195,563200,0.0,0.0,0.0
2026-01-21 00:00:00-05:00,254.3768310546875,256.0202148787975,251.4386521461203,253.0023698337146,742000,0.0,0.0,0.0
2026-01-22 00:00:00-05:00,255.04415893554688,257.1158128221696,253.8290451919033,256.7871482172713,574500,0.0,0.0,0.0
2026-01-23 00:00:00-05:00,254.4664764404297,255.70151429642394,253.09200005211838,254.207508310655,536400,0.0,0.0,0.0
2026-01-26 00:00:00-05:00,255.92062377929688,257.02616232789546,254.2971489921598,254.46646611755762,875600,0.0,0.0,0.0
2026-01-27 00:00:00-05:00,259.1775207519531,259.3468530803215,257.3448957161754,257.8428926409624,559100,0.0,0.0,0.0
2026-01-28 00:00:00-05:00,259.04803466796875,260.35278416910944,258.41061441477905,259.49624405490954,527100,0.0,0.0,0.0
2026-01-29 00:00:00-05:00,260.0738830566406,261.0499678736541,254.59591743332797,260.71133364619646,945300,0.0,0.0,0.0
2026-01-30 00:00:00-05:00,254.8648681640625,260.113760060301,253.65970890679193,258.29107427557517,1140200,0.0,0.0,0.0
2026-02-02 00:00:00-05:00,257.324951171875,258.6097917224797,254.5859833387077,254.5859833387077,444800,0.0,0.0,0.0
2026-02-03 00:00:00-05:00,255.42263793945312,260.32291071664696,251.96652282657982,259.70539938576906,866700,0.0,0.0,0.0
2026-02-04 00:00:00-05:00,246.06027221679688,253.8389813912205,243.13204800261255,253.8389813912205,1821500,0.0,0.0,0.0
2026-02-05 00:00:00-05:00,243.1519775390625,247.106074243029,241.27950428343635,243.75953438066506,983700,0.0,0.0,0.0
2026-02-06 00:00:00-05:00,252.4744873046875,253.00236283104113,246.63796271735595,246.63796271735595,879500,0.0,0.0,0.0
2026-02-09 00:00:00-05:00,256.3987121582031,257.6337653101125,251.20959225204018,251.87690636676453,1023000,0.0,0.0,0.0
2026-02-10 00:00:00-05:00,254.03819274902344,257.34489967535865,253.85892114821888,257.2054459445192,782000,0.0,0.0,0.0
2026-02-11 00:00:00-05:00,254.12783813476562,257.8329366677466,251.88685185422037,257.0759715753706,850300,0.0,0.0,0.0
2026-02-12 00:00:00-05:00,249.19766235351562,256.91663001638824,249.10802655297098,255.1039138845195,1056400,0.0,0.0,0.0
2026-02-13 00:00:00-05:00,250.4725341796875,252.43464331945856,246.4188470314506,249.03830057521927,906800,0.0,0.0,0.0
2026-02-17 00:00:00-05:00,250.641845703125,251.817126346234,247.11603416911808,248.55026774148024,731200,0.0,0.0,0.0
2026-02-18 00:00:00-05:00,252.4744873046875,254.51626254550507,250.43269686620982,251.10001092409723,617100,0.0,0.0,0.0
2026-02-19 00:00:00-05:00,252.28524780273438,252.9027591327448,250.42272894993937,251.13984574502382,620000,0.0,0.0,0.0
2026-02-20 00:00:00-05:00,253.75930786132812,254.8349830259819,250.80120495794526,251.1796874781919,609700,0.0,0.0,0.0
2026-02-23 00:00:00-05:00,248.74945068359375,253.02225738374128,247.8430926813124,252.21550484017672,576100,0.0,0.0,0.0
2026-02-24 00:00:00-05:00,251.12989807128906,252.0063775551389,246.75748551507368,248.87895735772815,509900,0.0,0.0,0.0
2026-02-25 00:00:00-05:00,255.35292053222656,255.76128167800465,253.33105413430974,253.5103257411426,587400,0.0,0.0,0.0
2026-02-26 00:00:00-05:00,253.86886596679688,255.24332711370604,250.12393464827693,254.9246169918357,851300,0.0,0.0,0.0
2026-02-27 00:00:00-05:00,251.94662475585938,252.45457617596935,249.72554740662693,249.9147886800976,554100,0.0,0.0,0.0
2026-03-02 00:00:00-05:00,252.68362426757812,253.17166670121273,249.07813157130312,249.615961536859,815400,0.0,0.0,0.0
2026-03-03 00:00:00-05:00,246.0204315185547,247.50446780269417,241.6778977934662,246.28935410913778,1287400,0.0,0.0,0.0
2026-03-04 00:00:00-05:00,249.70562744140625,250.7912571018627,246.8072816600465,248.17178838561728,580300,0.0,0.0,0.0
2026-03-05 00:00:00-05:00,246.04037475585938,249.3869149065939,242.47471472876967,248.0522867125475,948000,0.0,0.0,0.0
2026-03-06 00:00:00-05:00,240.51258850097656,244.39697359998354,239.7855172522957,241.5683395409499,843100,0.0,0.0,0.0
2026-03-09 00:00:00-04:00,246.24952697753906,246.78735697400754,237.2955367209811,237.70389785028985,1314600,0.0,0.0,0.0
2026-03-10 00:00:00-04:00,247.28533935546875,250.76136318732276,246.3989054817075,246.3989054817075,865600,0.0,0.0,0.0
2026-03-11 00:00:00-04:00,247.79331970214844,249.21759890497015,246.49853976933372,247.414852348436,615400,0.0,0.0,0.0
2026-03-12 00:00:00-04:00,242.9228973388672,245.2734434657007,241.80738907449205,245.24356486559495,1260500,0.0,0.0,0.0
2026-03-13 00:00:00-04:00,242.46475219726562,246.63796897952403,242.09623932549692,244.61610262211863,699800,0.0,0.0,0.0
2026-03-16 00:00:00-04:00,245.79136657714844,247.6837488553524,245.3132937738151,246.00053197729076,882300,0.0,0.0,0.0
2026-03-17 00:00:00-04:00,247.45716857910156,248.09517542589936,245.04470471429482,247.15809954219694,611700,0.221,0.0,0.0
2026-03-18 00:00:00-04:00,245.47337341308594,248.7132550155686,245.36371527347367,247.0883249134821,507600,0.0,0.0,0.0
2026-03-19 00:00:00-04:00,246.0914306640625,247.37740770589414,240.26961647662412,241.40606661055068,972400,0.0,0.0,0.0
2026-03-20 00:00:00-04:00,240.76805114746094,246.3207014901938,238.90386289851784,246.08145844612815,1106400,0.0,0.0,0.0
2026-03-23 00:00:00-04:00,243.75872802734375,248.0353650648123,242.94127367255837,244.59610916301432,920300,0.0,0.0,0.0
2026-03-24 00:00:00-04:00,244.77552795410156,245.84220391264975,241.17676673607176,241.7948467689234,646200,0.0,0.0,0.0
2026-03-25 00:00:00-04:00,246.41043090820312,247.93568145271166,245.30390134721608,246.55997303008346,828300,0.0,0.0,0.0
2026-03-26 00:00:00-04:00,237.46836853027344,243.77864745125947,237.42848454714053,243.04096108740978,1014000,0.0,0.0,0.0
2026-03-27 00:00:00-04:00,235.02598571777344,238.4951621320388,234.5973317695567,236.43159951262496,1030800,0.0,0.0,0.0
2026-03-30 00:00:00-04:00,230.05152893066406,238.1661853869354,228.70572591281248,237.65776347689777,1610200,0.0,0.0,0.0
2026-03-31 00:00:00-04:00,239.24282836914062,239.70138770169444,232.67333390150543,233.61040976970168,1847700,0.0,0.0,0.0
2026-04-01 00:00:00-04:00,244.4764862060547,246.4602808936548,241.90451683754551,241.90451683754551,1018700,0.0,0.0,0.0
2026-04-02 00:00:00-04:00,245.08457946777344,246.04158209628432,238.1960893331188,238.73440141024585,918200,0.0,0.0,0.0
2026-04-06 00:00:00-04:00,246.91885375976562,247.168075419225,245.1842655338666,245.9618358944772,521100,0.0,0.0,0.0
2026-04-07 00:00:00-04:00,248.50389099121094,248.70326526940386,244.2372175504967,246.1213326202921,1044700,0.0,0.0,0.0
2026-04-08 00:00:00-04:00,258.8316650390625,259.36001374794637,255.64161558226854,258.5824433759557,1076500,0.0,0.0,0.0
2026-04-09 00:00:00-04:00,261.593017578125,262.2110824054005,258.72197928910936,258.72197928910936,657700,0.0,0.0,0.0
2026-04-10 00:00:00-04:00,262.61981201171875,264.5238690950633,261.3138929812548,262.819201503534,1000000,0.0,0.0,0.0
2026-04-13 00:00:00-04:00,265.2216491699219,265.45094402397245,261.3736817664812,261.3736817664812,535400,0.0,0.0,0.0
2026-04-14 00:00:00-04:00,269.48834228515625,269.48834228515625,264.8727828633892,266.7369559453402,685400,0.0,0.0,0.0
2026-04-15 00:00:00-04:00,269.1494140625,269.40861432399026,265.62045726292905,269.22918203029667,662800,0.0,0.0,0.0
2026-04-16 00:00:00-04:00,269.9768371582031,270.38556431618986,267.7138850986807,268.98989873377093,1027200,0.0,0.0,0.0
2026-04-17 00:00:00-04:00,273.6054992675781,274.37312145242373,271.72139933377696,272.6086126254959,595700,0.0,0.0,0.0
2026-04-20 00:00:00-04:00,272.7082824707031,274.2634230565319,271.2627848026592,273.3463044662038,416400,0.0,0.0,0.0
2026-04-21 00:00:00-04:00,270.7444152832031,273.8447482828191,269.8572020707508,273.29644242512177,682200,0.0,0.0,0.0
2026-04-22 00:00:00-04:00,275.1307373046875,275.28029464051576,272.3793508329683,274.4329349019429,563000,0.0,0.0,0.0
2026-04-23 00:00:00-04:00,275.0210876464844,277.53323099551625,272.11016530842306,274.5625283161791,647400,0.0,0.0,0.0
2026-04-24 00:00:00-04:00,280.02545166015625,280.58370574588463,276.98495957100806,279.3874600289949,776600,0.0,0.0,0.0
2026-04-27 00:00:00-04:00,279.87591552734375,280.6335590855415,277.54320451256984,279.89584230740394,559500,0.0,0.0,0.0
2026-04-28 00:00:00-04:00,275.3500671386719,277.2740815925702,272.1301425651919,274.64228609934827,654000,0.0,0.0,0.0
2026-04-29 00:00:00-04:00,276.84539794921875,277.65287374536075,274.71207622316695,277.29400913488337,777000,0.0,0.0,0.0
2026-04-30 00:00:00-04:00,283.0958557128906,283.5942989919257,278.7593931007727,280.1849335773978,916900,0.0,0.0,0.0
2026-05-01 00:00:00-04:00,284.202392578125,285.9768494807191,281.5905545956895,282.12888186936044,687300,0.0,0.0,0.0
2026-05-04 00:00:00-04:00,283.4049072265625,286.2858937539628,281.76005037932066,284.86035318119093,911000,0.0,0.0,0.0
2026-05-05 00:00:00-04:00,290.1936950683594,291.4597300970313,287.40239433747684,287.40239433747684,706300,0.0,0.0,0.0
2026-05-06 00:00:00-04:00,298.24853515625,298.5376407977475,292.9251641939358,296.34447803908665,1050000,0.0,0.0,0.0
2026-05-07 00:00:00-04:00,292.9949645996094,297.1619435755109,291.2902969135709,297.1619435755109,1334200,0.0,0.0,0.0
2026-05-08 00:00:00-04:00,300.8603515625,301.0697196442925,296.5139407648353,297.1021001843782,803400,0.0,0.0,0.0
2026-05-11 00:00:00-04:00,305.70526123046875,306.9015069471102,302.81429605371113,303.3127393746199,1070900,0.0,0.0,0.0
2026-05-12 00:00:00-04:00,302.2958679199219,303.16315435148067,295.3077138863753,302.0566248829576,1126600,0.0,0.0,0.0
2026-05-13 00:00:00-04:00,304.44915771484375,305.97439297670024,300.4516631866164,305.10710651325144,605500,0.0,0.0,0.0
2026-05-14 00:00:00-04:00,306.2934265136719,307.0012075244817,302.7744178181473,303.58189357954484,895800,0.0,0.0,0.0
2026-05-15 00:00:00-04:00,297.34136962890625,300.3021241911861,296.99248364006286,299.7139647194117,1059400,0.0,0.0,0.0
2026-05-18 00:00:00-04:00,293.4036865234375,300.12269281823944,289.9544368055577,300.12269281823944,1615200,0.0,0.0,0.0
2026-05-19 00:00:00-04:00,291.6790771484375,294.89903215531854,286.48530593756703,289.2865551427294,1384700,0.0,0.0,0.0
2026-05-20 00:00:00-04:00,298.6572570800781,299.2055629713953,294.48029973301817,295.2578700751463,2801300,0.0,0.0,0.0
2026-05-21 00:00:00-04:00,301.2192687988281,301.9071230096793,296.91271124112467,296.91271124112467,902600,0.0,0.0,0.0
2026-05-22 00:00:00-04:00,302.65478515625,305.0473069695372,302.16629002310464,304.05042034545374,943900,0.0,0.0,0.0
2026-05-26 00:00:00-04:00,313.0722351074219,313.77006791995564,308.07785376052044,309.2641512882883,978400,0.0,0.0,0.0
2026-05-27 00:00:00-04:00,312.3544616699219,316.26227048628755,309.274085759392,316.26227048628755,889000,0.0,0.0,0.0
2026-05-28 00:00:00-04:00,313.67034912109375,315.56442749515617,309.77251903195,312.2946408046238,6632700,0.0,0.0,0.0
2026-05-29 00:00:00-04:00,314.8267822265625,316.9900397235494,312.8031034686052,315.43489892544267,1686200,0.0,0.0,0.0
2026-06-01 00:00:00-04:00,315.9432678222656,317.6280086366565,311.28782436343755,312.32456453955103,1968900,0.0,0.0,0.0
2026-06-02 00:00:00-04:00,325.01495361328125,325.3339646430217,317.8573147604146,319.1034230741825,1199000,0.0,0.0,0.0
2026-06-03 00:00:00-04:00,328.4741516113281,330.4579463122421,324.3270994911114,327.75639200547204,1087300,0.0,0.0,0.0
2026-06-04 00:00:00-04:00,324.8554382324219,327.0087169839247,316.4118073378648,319.90091051044925,1399400,0.0,0.0,0.0
2026-06-05 00:00:00-04:00,305.515869140625,317.7576366387786,305.4161743857934,317.0298983933324,1849200,0.0,0.0,0.0
2026-06-08 00:00:00-04:00,314.0990295410156,317.17943603435475,311.6267701411429,314.8068409605549,1280400,0.0,0.0,0.0
2026-06-09 00:00:00-04:00,310.6597595214844,319.99060299894245,298.298372422709,318.33576768014956,2051900,0.0,0.0,0.0
2026-06-10 00:00:00-04:00,303.970703125,314.0093289795553,303.2628916703292,308.04796603940014,1956800,0.0,0.0,0.0
2026-06-11 00:00:00-04:00,318.0168151855469,319.1133661460597,308.39683481917024,308.5264349493385,1512400,0.0,0.0,0.0
2026-06-12 00:00:00-04:00,323.3900146484375,325.4834826427508,317.6280111802709,318.7146139494117,885900,0.0,0.0,0.0
2026-06-15 00:00:00-04:00,332.958740234375,333.93674897925365,330.6134623507371,332.4697358619357,1126200,0.358,0.0,0.0
2026-06-16 00:00:00-04:00,325.39398193359375,335.42377981431275,325.1544745546269,333.2281939865256,1226800,0.0,0.0,0.0
2026-06-17 00:00:00-04:00,327.6094970703125,334.735145732493,327.22029760264223,330.18432306575653,1920500,0.0,0.0,0.0
2026-06-18 00:00:00-04:00,337.8388671875,339.14622895512616,335.64331198863675,337.84885681289677,1484300,0.0,0.0,0.0
2026-06-22 00:00:00-04:00,344.5254211425781,344.89467183233825,339.9147214212486,342.71906528562744,1782600,0.0,0.0,0.0
2026-06-23 00:00:00-04:00,329.0965270996094,333.4876681346356,326.3420705198871,327.7093091839394,1679700,0.0,0.0,0.0
2026-06-24 00:00:00-04:00,327.7492370605469,331.53162004279346,322.6994203044665,329.92484355339906,1282900,0.0,0.0,0.0
2026-06-25 00:00:00-04:00,338.6173095703125,342.3298260756811,329.7252634663031,342.3298260756811,2095900,0.0,0.0,0.0
2026-06-26 00:00:00-04:00,325.0845947265625,331.84099284035807,324.42591900529015,330.3240316194244,2091100,0.0,0.0,0.0
2026-06-29 00:00:00-04:00,335.323974609375,336.16228089115714,320.36414394048705,326.75126117514446,1623700,0.0,0.0,0.0
2026-06-30 00:00:00-04:00,342.14019775390625,343.76692299612114,335.5933991952297,335.5933991952297,2435100,0.0,0.0,0.0
2026-07-01 00:00:00-04:00,327.4398498535156,335.17425640382856,326.1723856752543,332.81898902355454,1677100,0.0,0.0,0.0
2026-07-02 00:00:00-04:00,315.89312744140625,329.3859136827513,311.80137071830507,328.12846956462107,2299600,0.0,0.0,0.0
2026-07-06 00:00:00-04:00,321.0627136230469,326.34207871469306,320.533781196894,321.50183078319384,1908000,0.0,0.0,0.0
2026-07-07 00:00:00-04:00,311.8113708496094,313.6875931487167,306.00307342309867,312.07085747366614,2822200,0.0,0.0,0.0
2026-07-08 00:00:00-04:00,314.2165222167969,315.6935249381705,309.3563256175555,309.5060177236168,1266700,0.0,0.0,0.0
2026-07-09 00:00:00-04:00,320.5537414550781,326.26223374256335,319.815209662495,324.2862066389886,1795700,0.0,0.0,0.0
2026-07-10 00:00:00-04:00,321.1225891113281,322.33017652472256,316.272382030423,317.6096823011603,1102400,0.0,0.0,0.0
2026-07-13 00:00:00-04:00,313.9969787597656,317.469957612299,312.42014061686655,315.5139096011797,1254700,0.0,0.0,0.0
2026-07-14 00:00:00-04:00,319.11663818359375,323.0187747417345,317.8292251941292,323.0187747417345,1301100,0.0,0.0,0.0
2026-07-15 00:00:00-04:00,312.0409240722656,320.9030320060864,305.6238380298086,320.5038428938529,4327600,0.0,0.0,0.0
2026-07-16 00:00:00-04:00,302.7995300292969,309.10682123412585,301.053051102579,306.33241592878676,3222900,0.0,0.0,0.0
2026-07-17 00:00:00-04:00,301.482177734375,305.1148685103003,292.6799166599487,295.9633055603157,3692500,0.0,0.0,0.0
2026-07-20 00:00:00-04:00,302.0310974121094,308.55791688422806,301.6518571060608,305.9631420404744,1193500,0.0,0.0,0.0
2026-07-21 00:00:00-04:00,313.8472595214844,314.76539137429614,308.7774637116671,310.9031829048884,1581100,0.0,0.0,0.0
2026-07-22 00:00:00-04:00,313.60772705078125,316.2923171017842,308.74753055475134,308.74753055475134,1141100,0.0,0.0,0.0
2026-07-23 00:00:00-04:00,313.3482666015625,316.6915018594808,311.08281446964367,311.08281446964367,1036800,0.0,0.0,0.0
2026-07-24 00:00:00-04:00,305.7735595703125,312.80936282537886,304.2266598883535,311.62175466254865,1305700,0.0,0.0,0.0
2026-07-27 00:00:00-04:00,301.7216796875,308.1986421108684,295.24474772030646,307.53996641749995,1754300,0.0,0.0,0.0
2026-07-28 00:00:00-04:00,291.7318420410156,294.4663192516776,286.721923088362,294.0571405413813,3138800,0.0,0.0,0.0
2026-07-29 00:00:00-04:00,282.5403747558594,294.02722665401814,282.08130879271124,291.95142496554956,2656100,0.0,0.0,0.0
2026-07-30 00:00:00-04:00,298.1688537597656,299.4263283434171,292.06117227833124,293.0890986654854,2459800,0.0,0.0,0.0
2026-07-31 00:00:00-04:00,298.9872131347656,308.7675135425116,296.9313603471655,307.31042917368745,2347900,0.0,0.0,0.0
2026-08-03 00:00:00-04:00,301.1728210449219,301.8115479915707,292.12106246654497,295.0252112362237,1879100,0.0,0.0,0.0
2026-08-04 00:00:00-04:00,312.71954345703125,314.7254786112169,307.49006566753724,308.9072220172239,2189800,0.0,0.0,0.0
2026-08-05 00:00:00-04:00,309.3563232421875,316.11269086407236,309.1267750438719,311.73150903786785,1941900,0.0,0.0,0.0
2026-08-06 00:00:00-04:00,307.5499572753906,312.02092376052445,303.308508524807,305.6737350727327,1525600,0.0,0.0,0.0
2026-08-07 00:00:00-04:00,308.6976623535156,311.47206783713847,304.27658272440686,311.47206783713847,948500,0.0,0.0,0.0
2026-08-10 00:00:00-04:00,306.70166015625,310.6536838596586,306.59186564595194,309.1567019539247,1058100,0.0,0.0,0.0
2026-08-11 00:00:00-04:00,307.7196044921875,309.3563193685331,306.63180126854706,308.7175924540054,824800,0.0,0.0,0.0
2026-08-12 00:00:00-04:00,314.0967712402344,316.3921314361034,312.81934783053595,314.5258987667025,1042700,0.0,0.0,0.0
2026-08-13 00:00:00-04:00,315.3941345214844,319.0467741184063,313.37820980177173,313.5678299511112,953600,0.0,0.0,0.0
2026-08-14 00:00:00-04:00,316.5717468261719,318.8172196976018,314.29633553470325,315.73344060891236,1299500,0.0,0.0,0.0
2026-08-17 00:00:00-04:00,321.4219970703125,323.38803461553454,318.7573557543547,319.5557644146493,1221500,0.0,0.0,0.0
2026-08-18 00:00:00-04:00,311.1826171875,315.9629879486369,308.9970211620366,314.1167041680899,1364900,0.0,0.0,0.0
2026-08-19 00:00:00-04:00,305.2645568847656,312.9590353977415,304.19670247624936,312.9590353977415,1726400,0.0,0.0,0.0
2026-08-20 00:00:00-04:00,304.49609375,306.4122440458319,302.560025115243,303.3085160898971,1108900,0.0,0.0,0.0
2026-08-21 00:00:00-04:00,304.5559997558594,307.7096149142579,302.53008541130225,306.9411751477623,836000,0.0,0.0,0.0
2026-08-24 00:00:00-04:00,299.9851989746094,301.1628174647301,296.611994777335,300.93329972455655,1037900,0.0,0.0,0.0
2026-08-25 00:00:00-04:00,301.79156494140625,304.2466068923153,299.9552706771658,303.44822867522873,749000,0.0,0.0,0.0
2026-08-26 00:00:00-04:00,303.3883361816406,303.8474021099759,300.47419797286307,300.50413639305503,725400,0.0,0.0,0.0
2026-08-27 00:00:00-04:00,303.6178894042969,305.9032599145572,300.69376152161607,305.9032599145572,1185100,0.0,0.0,0.0
2026-08-28 00:00:00-04:00,299.1069641113281,303.5979099485566,298.4682676516892,302.79953175996405,679700,0.0,0.0,0.0
2026-08-31 00:00:00-04:00,299.7556457519531,300.3644342380731,297.3704703909804,298.94727794973215,594600,0.0,0.0,0.0
2026-09-01 00:00:00-04:00,295.92340087890625,297.78966408568476,294.1569730229416,296.7118199534999,701700,0.0,0.0,0.0
2026-09-02 00:00:00-04:00,296.4423522949219,296.64193161330326,293.2288298440787,295.3046314010633,1260400,0.0,0.0,0.0
2026-09-03 00:00:00-04:00,298.81756591796875,298.91734034820496,292.7397924902902,296.04316063031115,826200,0.0,0.0,0.0
2026-09-04 00:00:00-04:00,304.2466125488281,304.27658142729837,299.39640540030825,299.4562822448941,805200,0.0,0.0,0.0
2026-09-08 00:00:00-04:00,308.06890869140625,309.9750693675827,305.26456493406084,306.53199869089667,893600,0.0,0.0,0.0
2026-09-09 00:00:00-04:00,308.667724609375,310.39422439971713,307.4401883750796,307.4401883750796,415800,0.0,0.0,0.0
2026-09-10 00:00:00-04:00,302.5400390625,306.2525554315697,302.52009026784765,304.5460045754528,831200,0.0,0.0,0.0
2026-09-11 00:00:00-04:00,306.4222412109375,307.2206194210756,305.0450129106993,305.5639557016714,542400,0.0,0.0,0.0
2026-09-14 00:00:00-04:00,299.0970153808594,301.15286822160476,297.1109985533259,297.99922249109807,993800,0.0,0.0,0.0
2026-09-15 00:00:00-04:00,299.510009765625,301.04998779296875,298.3800048828125,300.6400146484375,529600,0.603,0.0,0.0
2026-09-16 00:00:00-04:00,299.8299865722656,303.5299987792969,297.3699951171875,301.7300109863281,620800,0.0,0.0,0.0
2026-09-17 00:00:00-04:00,306.1199951171875,306.7799987792969,304.3699951171875,304.9800109863281,565500,0.0,0.0,0.0
2026-09-18 00:00:00-04:00,309.6199951171875,309.6300048828125,306.05999755859375,307.5299987792969,680300,0.0,0.0,0.0
2026-09-21 00:00:00-04:00,316.25,316.94000244140625,312.7099914550781,313.8699951171875,734600,0.0,0.0,0.0
2026-09-22 00:00:00-04:00,317.8999938964844,318.57000732421875,313.4800109863281,314.1300048828125,15571000,0.0,0.0,0.0
2026-09-23 00:00:00-04:00,316.95001220703125,318.8500061035156,314.9700012207031,318.3500061035156,2523100,0.0,0.0,0.0
2026-09-24 00:00:00-04:00,317.45001220703125,318.2799987792969,313.489990234375,314.4599914550781,1092500,0.0,0.0,0.0
2026-09-25 00:00:00-04:00,,,,,1056412,0.0,0.0,0.0
