datetime,symbol,open,high,low,close,volume
1959-01-31,ECONOMICS:USM2,286600000000.0,286600000000.0,286600000000.0,286600000000.0,0.0
1959-02-28,ECONOMICS:USM2,287700000000.0,287700000000.0,287700000000.0,287700000000.0,0.0
1959-03-31,ECONOMICS:USM2,289200000000.0,289200000000.0,289200000000.0,289200000000.0,0.0
1959-04-30,ECONOMICS:USM2,290100000000.0,290100000000.0,290100000000.0,290100000000.0,0.0
1959-05-31,ECONOMICS:USM2,292200000000.0,292200000000.0,292200000000.0,292200000000.0,0.0
1959-06-30,ECONOMICS:USM2,294100000000.0,294100000000.0,294100000000.0,294100000000.0,0.0
1959-07-31,ECONOMICS:USM2,295200000000.0,295200000000.0,295200000000.0,295200000000.0,0.0
1959-08-31,ECONOMICS:USM2,296400000000.0,296400000000.0,296400000000.0,296400000000.0,0.0
1959-09-30,ECONOMICS:USM2,296700000000.0,296700000000.0,296700000000.0,296700000000.0,0.0
1959-10-31,ECONOMICS:USM2,296500000000.0,296500000000.0,296500000000.0,296500000000.0,0.0
1959-11-30,ECONOMICS:USM2,297100000000.0,297100000000.0,297100000000.0,297100000000.0,0.0
1959-12-31,ECONOMICS:USM2,297800000000.0,297800000000.0,297800000000.0,297800000000.0,0.0
1960-01-31,ECONOMICS:USM2,298200000000.0,298200000000.0,298200000000.0,298200000000.0,0.0
1960-02-29,ECONOMICS:USM2,298400000000.0,298400000000.0,298400000000.0,298400000000.0,0.0
1960-03-31,ECONOMICS:USM2,299300000000.0,299300000000.0,299300000000.0,299300000000.0,0.0
1960-04-30,ECONOMICS:USM2,300100000000.0,300100000000.0,300100000000.0,300100000000.0,0.0
1960-05-31,ECONOMICS:USM2,300900000000.0,300900000000.0,300900000000.0,300900000000.0,0.0
1960-06-30,ECONOMICS:USM2,302300000000.0,302300000000.0,302300000000.0,302300000000.0,0.0
1960-07-31,ECONOMICS:USM2,304100000000.0,304100000000.0,304100000000.0,304100000000.0,0.0
1960-08-31,ECONOMICS:USM2,306900000000.0,306900000000.0,306900000000.0,306900000000.0,0.0
1960-09-30,ECONOMICS:USM2,308400000000.0,308400000000.0,308400000000.0,308400000000.0,0.0
1960-10-31,ECONOMICS:USM2,309500000000.0,309500000000.0,309500000000.0,309500000000.0,0.0
1960-11-30,ECONOMICS:USM2,310900000000.0,310900000000.0,310900000000.0,310900000000.0,0.0
1960-12-31,ECONOMICS:USM2,312400000000.0,312400000000.0,312400000000.0,312400000000.0,0.0
1961-01-31,ECONOMICS:USM2,314100000000.0,314100000000.0,314100000000.0,314100000000.0,0.0
1961-02-28,ECONOMICS:USM2,316500000000.0,316500000000.0,316500000000.0,316500000000.0,0.0
1961-03-31,ECONOMICS:USM2,318300000000.0,318300000000.0,318300000000.0,318300000000.0,0.0
1961-04-30,ECONOMICS:USM2,319900000000.0,319900000000.0,319900000000.0,319900000000.0,0.0
1961-05-31,ECONOMICS:USM2,322200000000.0,322200000000.0,322200000000.0,322200000000.0,0.0
1961-06-30,ECONOMICS:USM2,324300000000.0,324300000000.0,324300000000.0,324300000000.0,0.0
1961-07-31,ECONOMICS:USM2,325600000000.0,325600000000.0,325600000000.0,325600000000.0,0.0
1961-08-31,ECONOMICS:USM2,327600000000.0,327600000000.0,327600000000.0,327600000000.0,0.0
1961-09-30,ECONOMICS:USM2,329500000000.0,329500000000.0,329500000000.0,329500000000.0,0.0
1961-10-31,ECONOMICS:USM2,331100000000.0,331100000000.0,331100000000.0,331100000000.0,0.0
1961-11-30,ECONOMICS:USM2,333400000000.0,333400000000.0,333400000000.0,333400000000.0,0.0
1961-12-31,ECONOMICS:USM2,335500000000.0,335500000000.0,335500000000.0,335500000000.0,0.0
1962-01-31,ECONOMICS:USM2,337500000000.0,337500000000.0,337500000000.0,337500000000.0,0.0
1962-02-28,ECONOMICS:USM2,340100000000.0,340100000000.0,340100000000.0,340100000000.0,0.0
1962-03-31,ECONOMICS:USM2,343100000000.0,343100000000.0,343100000000.0,343100000000.0,0.0
1962-04-30,ECONOMICS:USM2,345500000000.0,345500000000.0,345500000000.0,345500000000.0,0.0
1962-05-31,ECONOMICS:USM2,347500000000.0,347500000000.0,347500000000.0,347500000000.0,0.0
1962-06-30,ECONOMICS:USM2,349300000000.0,349300000000.0,349300000000.0,349300000000.0,0.0
1962-07-31,ECONOMICS:USM2,350800000000.0,350800000000.0,350800000000.0,350800000000.0,0.0
1962-08-31,ECONOMICS:USM2,352800000000.0,352800000000.0,352800000000.0,352800000000.0,0.0
1962-09-30,ECONOMICS:USM2,354900000000.0,354900000000.0,354900000000.0,354900000000.0,0.0
1962-10-31,ECONOMICS:USM2,357200000000.0,357200000000.0,357200000000.0,357200000000.0,0.0
1962-11-30,ECONOMICS:USM2,359800000000.0,359800000000.0,359800000000.0,359800000000.0,0.0
1962-12-31,ECONOMICS:USM2,362700000000.0,362700000000.0,362700000000.0,362700000000.0,0.0
1963-01-31,ECONOMICS:USM2,365200000000.0,365200000000.0,365200000000.0,365200000000.0,0.0
1963-02-28,ECONOMICS:USM2,367900000000.0,367900000000.0,367900000000.0,367900000000.0,0.0
1963-03-31,ECONOMICS:USM2,370700000000.0,370700000000.0,370700000000.0,370700000000.0,0.0
1963-04-30,ECONOMICS:USM2,373300000000.0,373300000000.0,373300000000.0,373300000000.0,0.0
1963-05-31,ECONOMICS:USM2,376100000000.0,376100000000.0,376100000000.0,376100000000.0,0.0
1963-06-30,ECONOMICS:USM2,378400000000.0,378400000000.0,378400000000.0,378400000000.0,0.0
1963-07-31,ECONOMICS:USM2,381100000000.0,381100000000.0,381100000000.0,381100000000.0,0.0
1963-08-31,ECONOMICS:USM2,383600000000.0,383600000000.0,383600000000.0,383600000000.0,0.0
1963-09-30,ECONOMICS:USM2,386000000000.0,386000000000.0,386000000000.0,386000000000.0,0.0
1963-10-31,ECONOMICS:USM2,388300000000.0,388300000000.0,388300000000.0,388300000000.0,0.0
1963-11-30,ECONOMICS:USM2,391500000000.0,391500000000.0,391500000000.0,391500000000.0,0.0
1963-12-31,ECONOMICS:USM2,393200000000.0,393200000000.0,393200000000.0,393200000000.0,0.0
1964-01-31,ECONOMICS:USM2,395200000000.0,395200000000.0,395200000000.0,395200000000.0,0.0
1964-02-29,ECONOMICS:USM2,397600000000.0,397600000000.0,397600000000.0,397600000000.0,0.0
1964-03-31,ECONOMICS:USM2,399800000000.0,399800000000.0,399800000000.0,399800000000.0,0.0
1964-04-30,ECONOMICS:USM2,401700000000.0,401700000000.0,401700000000.0,401700000000.0,0.0
1964-05-31,ECONOMICS:USM2,404200000000.0,404200000000.0,404200000000.0,404200000000.0,0.0
1964-06-30,ECONOMICS:USM2,407100000000.0,407100000000.0,407100000000.0,407100000000.0,0.0
1964-07-31,ECONOMICS:USM2,410100000000.0,410100000000.0,410100000000.0,410100000000.0,0.0
1964-08-31,ECONOMICS:USM2,413400000000.0,413400000000.0,413400000000.0,413400000000.0,0.0
1964-09-30,ECONOMICS:USM2,416900000000.0,416900000000.0,416900000000.0,416900000000.0,0.0
1964-10-31,ECONOMICS:USM2,419100000000.0,419100000000.0,419100000000.0,419100000000.0,0.0
1964-11-30,ECONOMICS:USM2,422000000000.0,422000000000.0,422000000000.0,422000000000.0,0.0
1964-12-31,ECONOMICS:USM2,424700000000.0,424700000000.0,424700000000.0,424700000000.0,0.0
1965-01-31,ECONOMICS:USM2,427500000000.0,427500000000.0,427500000000.0,427500000000.0,0.0
1965-02-28,ECONOMICS:USM2,430400000000.0,430400000000.0,430400000000.0,430400000000.0,0.0
1965-03-31,ECONOMICS:USM2,433200000000.0,433200000000.0,433200000000.0,433200000000.0,0.0
1965-04-30,ECONOMICS:USM2,435400000000.0,435400000000.0,435400000000.0,435400000000.0,0.0
1965-05-31,ECONOMICS:USM2,437100000000.0,437100000000.0,437100000000.0,437100000000.0,0.0
1965-06-30,ECONOMICS:USM2,440100000000.0,440100000000.0,440100000000.0,440100000000.0,0.0
1965-07-31,ECONOMICS:USM2,442900000000.0,442900000000.0,442900000000.0,442900000000.0,0.0
1965-08-31,ECONOMICS:USM2,445800000000.0,445800000000.0,445800000000.0,445800000000.0,0.0
1965-09-30,ECONOMICS:USM2,449500000000.0,449500000000.0,449500000000.0,449500000000.0,0.0
1965-10-31,ECONOMICS:USM2,452600000000.0,452600000000.0,452600000000.0,452600000000.0,0.0
1965-11-30,ECONOMICS:USM2,455700000000.0,455700000000.0,455700000000.0,455700000000.0,0.0
1965-12-31,ECONOMICS:USM2,459200000000.0,459200000000.0,459200000000.0,459200000000.0,0.0
1966-01-31,ECONOMICS:USM2,462000000000.0,462000000000.0,462000000000.0,462000000000.0,0.0
1966-02-28,ECONOMICS:USM2,464600000000.0,464600000000.0,464600000000.0,464600000000.0,0.0
1966-03-31,ECONOMICS:USM2,467200000000.0,467200000000.0,467200000000.0,467200000000.0,0.0
1966-04-30,ECONOMICS:USM2,469300000000.0,469300000000.0,469300000000.0,469300000000.0,0.0
1966-05-31,ECONOMICS:USM2,470100000000.0,470100000000.0,470100000000.0,470100000000.0,0.0
1966-06-30,ECONOMICS:USM2,471200000000.0,471200000000.0,471200000000.0,471200000000.0,0.0
1966-07-31,ECONOMICS:USM2,470900000000.0,470900000000.0,470900000000.0,470900000000.0,0.0
1966-08-31,ECONOMICS:USM2,472600000000.0,472600000000.0,472600000000.0,472600000000.0,0.0
1966-09-30,ECONOMICS:USM2,475400000000.0,475400000000.0,475400000000.0,475400000000.0,0.0
1966-10-31,ECONOMICS:USM2,475700000000.0,475700000000.0,475700000000.0,475700000000.0,0.0
1966-11-30,ECONOMICS:USM2,477300000000.0,477300000000.0,477300000000.0,477300000000.0,0.0
1966-12-31,ECONOMICS:USM2,480200000000.0,480200000000.0,480200000000.0,480200000000.0,0.0
1967-01-31,ECONOMICS:USM2,481600000000.0,481600000000.0,481600000000.0,481600000000.0,0.0
1967-02-28,ECONOMICS:USM2,485100000000.0,485100000000.0,485100000000.0,485100000000.0,0.0
1967-03-31,ECONOMICS:USM2,489700000000.0,489700000000.0,489700000000.0,489700000000.0,0.0
1967-04-30,ECONOMICS:USM2,492100000000.0,492100000000.0,492100000000.0,492100000000.0,0.0
1967-05-31,ECONOMICS:USM2,497200000000.0,497200000000.0,497200000000.0,497200000000.0,0.0
1967-06-30,ECONOMICS:USM2,502000000000.0,502000000000.0,502000000000.0,502000000000.0,0.0
1967-07-31,ECONOMICS:USM2,506300000000.0,506300000000.0,506300000000.0,506300000000.0,0.0
1967-08-31,ECONOMICS:USM2,510800000000.0,510800000000.0,510800000000.0,510800000000.0,0.0
1967-09-30,ECONOMICS:USM2,514700000000.00006,514700000000.00006,514700000000.00006,514700000000.00006,0.0
1967-10-31,ECONOMICS:USM2,518200000000.00006,518200000000.00006,518200000000.00006,518200000000.00006,0.0
1967-11-30,ECONOMICS:USM2,521200000000.00006,521200000000.00006,521200000000.00006,521200000000.00006,0.0
1967-12-31,ECONOMICS:USM2,524800000000.0,524800000000.0,524800000000.0,524800000000.0,0.0
1968-01-31,ECONOMICS:USM2,527400000000.0,527400000000.0,527400000000.0,527400000000.0,0.0
1968-02-29,ECONOMICS:USM2,530400000000.0,530400000000.0,530400000000.0,530400000000.0,0.0
1968-03-31,ECONOMICS:USM2,533200000000.00006,533200000000.00006,533200000000.00006,533200000000.00006,0.0
1968-04-30,ECONOMICS:USM2,535700000000.00006,535700000000.00006,535700000000.00006,535700000000.00006,0.0
1968-05-31,ECONOMICS:USM2,538900000000.0,538900000000.0,538900000000.0,538900000000.0,0.0
1968-06-30,ECONOMICS:USM2,542600000000.0,542600000000.0,542600000000.0,542600000000.0,0.0
1968-07-31,ECONOMICS:USM2,545600000000.0,545600000000.0,545600000000.0,545600000000.0,0.0
1968-08-31,ECONOMICS:USM2,549400000000.0,549400000000.0,549400000000.0,549400000000.0,0.0
1968-09-30,ECONOMICS:USM2,553600000000.0,553600000000.0,553600000000.0,553600000000.0,0.0
1968-10-31,ECONOMICS:USM2,557600000000.0,557600000000.0,557600000000.0,557600000000.0,0.0
1968-11-30,ECONOMICS:USM2,562400000000.0,562400000000.0,562400000000.0,562400000000.0,0.0
1968-12-31,ECONOMICS:USM2,566800000000.0,566800000000.0,566800000000.0,566800000000.0,0.0
1969-01-31,ECONOMICS:USM2,569300000000.0,569300000000.0,569300000000.0,569300000000.0,0.0
1969-02-28,ECONOMICS:USM2,571900000000.0,571900000000.0,571900000000.0,571900000000.0,0.0
1969-03-31,ECONOMICS:USM2,574400000000.0,574400000000.0,574400000000.0,574400000000.0,0.0
1969-04-30,ECONOMICS:USM2,575700000000.0,575700000000.0,575700000000.0,575700000000.0,0.0
1969-05-31,ECONOMICS:USM2,576500000000.0,576500000000.0,576500000000.0,576500000000.0,0.0
1969-06-30,ECONOMICS:USM2,578500000000.0,578500000000.0,578500000000.0,578500000000.0,0.0
1969-07-31,ECONOMICS:USM2,579500000000.0,579500000000.0,579500000000.0,579500000000.0,0.0
1969-08-31,ECONOMICS:USM2,580100000000.0,580100000000.0,580100000000.0,580100000000.0,0.0
1969-09-30,ECONOMICS:USM2,582100000000.0,582100000000.0,582100000000.0,582100000000.0,0.0
1969-10-31,ECONOMICS:USM2,583400000000.0,583400000000.0,583400000000.0,583400000000.0,0.0
1969-11-30,ECONOMICS:USM2,585400000000.0,585400000000.0,585400000000.0,585400000000.0,0.0
1969-12-31,ECONOMICS:USM2,587900000000.0,587900000000.0,587900000000.0,587900000000.0,0.0
1970-01-31,ECONOMICS:USM2,589600000000.0,589600000000.0,589600000000.0,589600000000.0,0.0
1970-02-28,ECONOMICS:USM2,586300000000.0,586300000000.0,586300000000.0,586300000000.0,0.0
1970-03-31,ECONOMICS:USM2,587300000000.0,587300000000.0,587300000000.0,587300000000.0,0.0
1970-04-30,ECONOMICS:USM2,588400000000.0,588400000000.0,588400000000.0,588400000000.0,0.0
1970-05-31,ECONOMICS:USM2,591500000000.0,591500000000.0,591500000000.0,591500000000.0,0.0
1970-06-30,ECONOMICS:USM2,595200000000.0,595200000000.0,595200000000.0,595200000000.0,0.0
1970-07-31,ECONOMICS:USM2,599100000000.0,599100000000.0,599100000000.0,599100000000.0,0.0
1970-08-31,ECONOMICS:USM2,604900000000.0,604900000000.0,604900000000.0,604900000000.0,0.0
1970-09-30,ECONOMICS:USM2,611200000000.0,611200000000.0,611200000000.0,611200000000.0,0.0
1970-10-31,ECONOMICS:USM2,616400000000.0,616400000000.0,616400000000.0,616400000000.0,0.0
1970-11-30,ECONOMICS:USM2,621100000000.0,621100000000.0,621100000000.0,621100000000.0,0.0
1970-12-31,ECONOMICS:USM2,626500000000.0,626500000000.0,626500000000.0,626500000000.0,0.0
1971-01-31,ECONOMICS:USM2,632900000000.0,632900000000.0,632900000000.0,632900000000.0,0.0
1971-02-28,ECONOMICS:USM2,641000000000.0,641000000000.0,641000000000.0,641000000000.0,0.0
1971-03-31,ECONOMICS:USM2,649900000000.0,649900000000.0,649900000000.0,649900000000.0,0.0
1971-04-30,ECONOMICS:USM2,658400000000.0,658400000000.0,658400000000.0,658400000000.0,0.0
1971-05-31,ECONOMICS:USM2,666700000000.0,666700000000.0,666700000000.0,666700000000.0,0.0
1971-06-30,ECONOMICS:USM2,673000000000.0,673000000000.0,673000000000.0,673000000000.0,0.0
1971-07-31,ECONOMICS:USM2,679600000000.0,679600000000.0,679600000000.0,679600000000.0,0.0
1971-08-31,ECONOMICS:USM2,685500000000.0,685500000000.0,685500000000.0,685500000000.0,0.0
1971-09-30,ECONOMICS:USM2,692500000000.0,692500000000.0,692500000000.0,692500000000.0,0.0
1971-10-31,ECONOMICS:USM2,698400000000.0,698400000000.0,698400000000.0,698400000000.0,0.0
1971-11-30,ECONOMICS:USM2,704600000000.0,704600000000.0,704600000000.0,704600000000.0,0.0
1971-12-31,ECONOMICS:USM2,710300000000.0,710300000000.0,710300000000.0,710300000000.0,0.0
1972-01-31,ECONOMICS:USM2,717700000000.0,717700000000.0,717700000000.0,717700000000.0,0.0
1972-02-29,ECONOMICS:USM2,725700000000.0,725700000000.0,725700000000.0,725700000000.0,0.0
1972-03-31,ECONOMICS:USM2,733500000000.0,733500000000.0,733500000000.0,733500000000.0,0.0
1972-04-30,ECONOMICS:USM2,738400000000.0,738400000000.0,738400000000.0,738400000000.0,0.0
1972-05-31,ECONOMICS:USM2,743300000000.0,743300000000.0,743300000000.0,743300000000.0,0.0
1972-06-30,ECONOMICS:USM2,749700000000.0,749700000000.0,749700000000.0,749700000000.0,0.0
1972-07-31,ECONOMICS:USM2,759500000000.0,759500000000.0,759500000000.0,759500000000.0,0.0
1972-08-31,ECONOMICS:USM2,768700000000.0,768700000000.0,768700000000.0,768700000000.0,0.0
1972-09-30,ECONOMICS:USM2,778300000000.0,778300000000.0,778300000000.0,778300000000.0,0.0
1972-10-31,ECONOMICS:USM2,786900000000.0,786900000000.0,786900000000.0,786900000000.0,0.0
1972-11-30,ECONOMICS:USM2,793900000000.0,793900000000.0,793900000000.0,793900000000.0,0.0
1972-12-31,ECONOMICS:USM2,802300000000.0,802300000000.0,802300000000.0,802300000000.0,0.0
1973-01-31,ECONOMICS:USM2,810300000000.0,810300000000.0,810300000000.0,810300000000.0,0.0
1973-02-28,ECONOMICS:USM2,814100000000.0,814100000000.0,814100000000.0,814100000000.0,0.0
1973-03-31,ECONOMICS:USM2,815300000000.0,815300000000.0,815300000000.0,815300000000.0,0.0
1973-04-30,ECONOMICS:USM2,819700000000.0,819700000000.0,819700000000.0,819700000000.0,0.0
1973-05-31,ECONOMICS:USM2,826800000000.0,826800000000.0,826800000000.0,826800000000.0,0.0
1973-06-30,ECONOMICS:USM2,833300000000.0,833300000000.0,833300000000.0,833300000000.0,0.0
1973-07-31,ECONOMICS:USM2,836500000000.0,836500000000.0,836500000000.0,836500000000.0,0.0
1973-08-31,ECONOMICS:USM2,838800000000.0,838800000000.0,838800000000.0,838800000000.0,0.0
1973-09-30,ECONOMICS:USM2,839300000000.0,839300000000.0,839300000000.0,839300000000.0,0.0
1973-10-31,ECONOMICS:USM2,842600000000.0,842600000000.0,842600000000.0,842600000000.0,0.0
1973-11-30,ECONOMICS:USM2,848900000000.0,848900000000.0,848900000000.0,848900000000.0,0.0
1973-12-31,ECONOMICS:USM2,855500000000.0,855500000000.0,855500000000.0,855500000000.0,0.0
1974-01-31,ECONOMICS:USM2,859700000000.0,859700000000.0,859700000000.0,859700000000.0,0.0
1974-02-28,ECONOMICS:USM2,864200000000.0,864200000000.0,864200000000.0,864200000000.0,0.0
1974-03-31,ECONOMICS:USM2,870100000000.0,870100000000.0,870100000000.0,870100000000.0,0.0
1974-04-30,ECONOMICS:USM2,872900000000.0,872900000000.0,872900000000.0,872900000000.0,0.0
1974-05-31,ECONOMICS:USM2,874600000000.0,874600000000.0,874600000000.0,874600000000.0,0.0
1974-06-30,ECONOMICS:USM2,877800000000.0,877800000000.0,877800000000.0,877800000000.0,0.0
1974-07-31,ECONOMICS:USM2,881400000000.0,881400000000.0,881400000000.0,881400000000.0,0.0
1974-08-31,ECONOMICS:USM2,884100000000.0,884100000000.0,884100000000.0,884100000000.0,0.0
1974-09-30,ECONOMICS:USM2,887900000000.0,887900000000.0,887900000000.0,887900000000.0,0.0
1974-10-31,ECONOMICS:USM2,893300000000.0,893300000000.0,893300000000.0,893300000000.0,0.0
1974-11-30,ECONOMICS:USM2,898600000000.0,898600000000.0,898600000000.0,898600000000.0,0.0
1974-12-31,ECONOMICS:USM2,902100000000.0,902100000000.0,902100000000.0,902100000000.0,0.0
1975-01-31,ECONOMICS:USM2,906300000000.0,906300000000.0,906300000000.0,906300000000.0,0.0
1975-02-28,ECONOMICS:USM2,914100000000.0,914100000000.0,914100000000.0,914100000000.0,0.0
1975-03-31,ECONOMICS:USM2,925000000000.0,925000000000.0,925000000000.0,925000000000.0,0.0
1975-04-30,ECONOMICS:USM2,935100000000.0,935100000000.0,935100000000.0,935100000000.0,0.0
1975-05-31,ECONOMICS:USM2,947900000000.0,947900000000.0,947900000000.0,947900000000.0,0.0
1975-06-30,ECONOMICS:USM2,963000000000.0,963000000000.0,963000000000.0,963000000000.0,0.0
1975-07-31,ECONOMICS:USM2,975100000000.0,975100000000.0,975100000000.0,975100000000.0,0.0
1975-08-31,ECONOMICS:USM2,983100000000.0,983100000000.0,983100000000.0,983100000000.0,0.0
1975-09-30,ECONOMICS:USM2,991500000000.0,991500000000.0,991500000000.0,991500000000.0,0.0
1975-10-31,ECONOMICS:USM2,997800000000.0,997800000000.0,997800000000.0,997800000000.0,0.0
1975-11-30,ECONOMICS:USM2,1006900000000.0,1006900000000.0,1006900000000.0,1006900000000.0,0.0
1975-12-31,ECONOMICS:USM2,1016200000000.0,1016200000000.0,1016200000000.0,1016200000000.0,0.0
1976-01-31,ECONOMICS:USM2,1026600000000.0,1026600000000.0,1026600000000.0,1026600000000.0,0.0
1976-02-29,ECONOMICS:USM2,1040300000000.0,1040300000000.0,1040300000000.0,1040300000000.0,0.0
1976-03-31,ECONOMICS:USM2,1050000000000.0,1050000000000.0,1050000000000.0,1050000000000.0,0.0
1976-04-30,ECONOMICS:USM2,1060800000000.0,1060800000000.0,1060800000000.0,1060800000000.0,0.0
1976-05-31,ECONOMICS:USM2,1072100000000.0,1072100000000.0,1072100000000.0,1072100000000.0,0.0
1976-06-30,ECONOMICS:USM2,1077600000000.0,1077600000000.0,1077600000000.0,1077600000000.0,0.0
1976-07-31,ECONOMICS:USM2,1086300000000.0,1086300000000.0,1086300000000.0,1086300000000.0,0.0
1976-08-31,ECONOMICS:USM2,1098700000000.0,1098700000000.0,1098700000000.0,1098700000000.0,0.0
1976-09-30,ECONOMICS:USM2,1110800000000.0,1110800000000.0,1110800000000.0,1110800000000.0,0.0
1976-10-31,ECONOMICS:USM2,1125000000000.0,1125000000000.0,1125000000000.0,1125000000000.0,0.0
1976-11-30,ECONOMICS:USM2,1138200000000.0,1138200000000.0,1138200000000.0,1138200000000.0,0.0
1976-12-31,ECONOMICS:USM2,1152000000000.0,1152000000000.0,1152000000000.0,1152000000000.0,0.0
1977-01-31,ECONOMICS:USM2,1165200000000.0,1165200000000.0,1165200000000.0,1165200000000.0,0.0
1977-02-28,ECONOMICS:USM2,1177600000000.0,1177600000000.0,1177600000000.0,1177600000000.0,0.0
1977-03-31,ECONOMICS:USM2,1188500000000.0,1188500000000.0,1188500000000.0,1188500000000.0,0.0
1977-04-30,ECONOMICS:USM2,1199600000000.0,1199600000000.0,1199600000000.0,1199600000000.0,0.0
1977-05-31,ECONOMICS:USM2,1209000000000.0,1209000000000.0,1209000000000.0,1209000000000.0,0.0
1977-06-30,ECONOMICS:USM2,1217800000000.0,1217800000000.0,1217800000000.0,1217800000000.0,0.0
1977-07-31,ECONOMICS:USM2,1226700000000.0,1226700000000.0,1226700000000.0,1226700000000.0,0.0
1977-08-31,ECONOMICS:USM2,1237000000000.0,1237000000000.0,1237000000000.0,1237000000000.0,0.0
1977-09-30,ECONOMICS:USM2,1246200000000.0,1246200000000.0,1246200000000.0,1246200000000.0,0.0
1977-10-31,ECONOMICS:USM2,1254000000000.0,1254000000000.0,1254000000000.0,1254000000000.0,0.0
1977-11-30,ECONOMICS:USM2,1262400000000.0,1262400000000.0,1262400000000.0,1262400000000.0,0.0
1977-12-31,ECONOMICS:USM2,1270300000000.0,1270300000000.0,1270300000000.0,1270300000000.0,0.0
1978-01-31,ECONOMICS:USM2,1279700000000.0,1279700000000.0,1279700000000.0,1279700000000.0,0.0
1978-02-28,ECONOMICS:USM2,1285500000000.0,1285500000000.0,1285500000000.0,1285500000000.0,0.0
1978-03-31,ECONOMICS:USM2,1292200000000.0,1292200000000.0,1292200000000.0,1292200000000.0,0.0
1978-04-30,ECONOMICS:USM2,1300400000000.0,1300400000000.0,1300400000000.0,1300400000000.0,0.0
1978-05-31,ECONOMICS:USM2,1310500000000.0,1310500000000.0,1310500000000.0,1310500000000.0,0.0
1978-06-30,ECONOMICS:USM2,1318500000000.0,1318500000000.0,1318500000000.0,1318500000000.0,0.0
1978-07-31,ECONOMICS:USM2,1324100000000.0,1324100000000.0,1324100000000.0,1324100000000.0,0.0
1978-08-31,ECONOMICS:USM2,1333500000000.0,1333500000000.0,1333500000000.0,1333500000000.0,0.0
1978-09-30,ECONOMICS:USM2,1345000000000.0,1345000000000.0,1345000000000.0,1345000000000.0,0.0
1978-10-31,ECONOMICS:USM2,1352300000000.0,1352300000000.0,1352300000000.0,1352300000000.0,0.0
1978-11-30,ECONOMICS:USM2,1359100000000.0,1359100000000.0,1359100000000.0,1359100000000.0,0.0
1978-12-31,ECONOMICS:USM2,1366000000000.0,1366000000000.0,1366000000000.0,1366000000000.0,0.0
1979-01-31,ECONOMICS:USM2,1371600000000.0,1371600000000.0,1371600000000.0,1371600000000.0,0.0
1979-02-28,ECONOMICS:USM2,1377800000000.0,1377800000000.0,1377800000000.0,1377800000000.0,0.0
1979-03-31,ECONOMICS:USM2,1387800000000.0,1387800000000.0,1387800000000.0,1387800000000.0,0.0
1979-04-30,ECONOMICS:USM2,1402100000000.0,1402100000000.0,1402100000000.0,1402100000000.0,0.0
1979-05-31,ECONOMICS:USM2,1410200000000.0,1410200000000.0,1410200000000.0,1410200000000.0,0.0
1979-06-30,ECONOMICS:USM2,1423000000000.0,1423000000000.0,1423000000000.0,1423000000000.0,0.0
1979-07-31,ECONOMICS:USM2,1434800000000.0,1434800000000.0,1434800000000.0,1434800000000.0,0.0
1979-08-31,ECONOMICS:USM2,1446600000000.0,1446600000000.0,1446600000000.0,1446600000000.0,0.0
1979-09-30,ECONOMICS:USM2,1454100000000.0,1454100000000.0,1454100000000.0,1454100000000.0,0.0
1979-10-31,ECONOMICS:USM2,1460400000000.0,1460400000000.0,1460400000000.0,1460400000000.0,0.0
1979-11-30,ECONOMICS:USM2,1465900000000.0,1465900000000.0,1465900000000.0,1465900000000.0,0.0
1979-12-31,ECONOMICS:USM2,1473700000000.0,1473700000000.0,1473700000000.0,1473700000000.0,0.0
1980-01-31,ECONOMICS:USM2,1482700000000.0,1482700000000.0,1482700000000.0,1482700000000.0,0.0
1980-02-29,ECONOMICS:USM2,1494600000000.0,1494600000000.0,1494600000000.0,1494600000000.0,0.0
1980-03-31,ECONOMICS:USM2,1499800000000.0,1499800000000.0,1499800000000.0,1499800000000.0,0.0
1980-04-30,ECONOMICS:USM2,1502200000000.0,1502200000000.0,1502200000000.0,1502200000000.0,0.0
1980-05-31,ECONOMICS:USM2,1512300000000.0,1512300000000.0,1512300000000.0,1512300000000.0,0.0
1980-06-30,ECONOMICS:USM2,1529200000000.0,1529200000000.0,1529200000000.0,1529200000000.0,0.0
1980-07-31,ECONOMICS:USM2,1545500000000.0,1545500000000.0,1545500000000.0,1545500000000.0,0.0
1980-08-31,ECONOMICS:USM2,1561500000000.0,1561500000000.0,1561500000000.0,1561500000000.0,0.0
1980-09-30,ECONOMICS:USM2,1574000000000.0,1574000000000.0,1574000000000.0,1574000000000.0,0.0
1980-10-31,ECONOMICS:USM2,1584800000000.0,1584800000000.0,1584800000000.0,1584800000000.0,0.0
1980-11-30,ECONOMICS:USM2,1595800000000.0,1595800000000.0,1595800000000.0,1595800000000.0,0.0
1980-12-31,ECONOMICS:USM2,1599800000000.0,1599800000000.0,1599800000000.0,1599800000000.0,0.0
1981-01-31,ECONOMICS:USM2,1606900000000.0,1606900000000.0,1606900000000.0,1606900000000.0,0.0
1981-02-28,ECONOMICS:USM2,1618700000000.0,1618700000000.0,1618700000000.0,1618700000000.0,0.0
1981-03-31,ECONOMICS:USM2,1636600000000.0,1636600000000.0,1636600000000.0,1636600000000.0,0.0
1981-04-30,ECONOMICS:USM2,1659200000000.0,1659200000000.0,1659200000000.0,1659200000000.0,0.0
1981-05-31,ECONOMICS:USM2,1664200000000.0,1664200000000.0,1664200000000.0,1664200000000.0,0.0
1981-06-30,ECONOMICS:USM2,1670300000000.0,1670300000000.0,1670300000000.0,1670300000000.0,0.0
1981-07-31,ECONOMICS:USM2,1681900000000.0,1681900000000.0,1681900000000.0,1681900000000.0,0.0
1981-08-31,ECONOMICS:USM2,1694300000000.0,1694300000000.0,1694300000000.0,1694300000000.0,0.0
1981-09-30,ECONOMICS:USM2,1706000000000.0,1706000000000.0,1706000000000.0,1706000000000.0,0.0
1981-10-31,ECONOMICS:USM2,1721800000000.0,1721800000000.0,1721800000000.0,1721800000000.0,0.0
1981-11-30,ECONOMICS:USM2,1736100000000.0,1736100000000.0,1736100000000.0,1736100000000.0,0.0
1981-12-31,ECONOMICS:USM2,1755500000000.0,1755500000000.0,1755500000000.0,1755500000000.0,0.0
1982-01-31,ECONOMICS:USM2,1770400000000.0,1770400000000.0,1770400000000.0,1770400000000.0,0.0
1982-02-28,ECONOMICS:USM2,1774500000000.0,1774500000000.0,1774500000000.0,1774500000000.0,0.0
1982-03-31,ECONOMICS:USM2,1786500000000.0,1786500000000.0,1786500000000.0,1786500000000.0,0.0
1982-04-30,ECONOMICS:USM2,1803900000000.0,1803900000000.0,1803900000000.0,1803900000000.0,0.0
1982-05-31,ECONOMICS:USM2,1815400000000.0,1815400000000.0,1815400000000.0,1815400000000.0,0.0
1982-06-30,ECONOMICS:USM2,1826000000000.0,1826000000000.0,1826000000000.0,1826000000000.0,0.0
1982-07-31,ECONOMICS:USM2,1831500000000.0,1831500000000.0,1831500000000.0,1831500000000.0,0.0
1982-08-31,ECONOMICS:USM2,1845200000000.0,1845200000000.0,1845200000000.0,1845200000000.0,0.0
1982-09-30,ECONOMICS:USM2,1858400000000.0,1858400000000.0,1858400000000.0,1858400000000.0,0.0
1982-10-31,ECONOMICS:USM2,1869700000000.0,1869700000000.0,1869700000000.0,1869700000000.0,0.0
1982-11-30,ECONOMICS:USM2,1883700000000.0,1883700000000.0,1883700000000.0,1883700000000.0,0.0
1982-12-31,ECONOMICS:USM2,1905900000000.0,1905900000000.0,1905900000000.0,1905900000000.0,0.0
1983-01-31,ECONOMICS:USM2,1959400000000.0,1959400000000.0,1959400000000.0,1959400000000.0,0.0
1983-02-28,ECONOMICS:USM2,1996800000000.0,1996800000000.0,1996800000000.0,1996800000000.0,0.0
1983-03-31,ECONOMICS:USM2,2015200000000.0,2015200000000.0,2015200000000.0,2015200000000.0,0.0
1983-04-30,ECONOMICS:USM2,2028600000000.0,2028600000000.0,2028600000000.0,2028600000000.0,0.0
1983-05-31,ECONOMICS:USM2,2043100000000.0,2043100000000.0,2043100000000.0,2043100000000.0,0.0
1983-06-30,ECONOMICS:USM2,2053500000000.0,2053500000000.0,2053500000000.0,2053500000000.0,0.0
1983-07-31,ECONOMICS:USM2,2064800000000.0,2064800000000.0,2064800000000.0,2064800000000.0,0.0
1983-08-31,ECONOMICS:USM2,2074000000000.0,2074000000000.0,2074000000000.0,2074000000000.0,0.0
1983-09-30,ECONOMICS:USM2,2083200000000.0,2083200000000.0,2083200000000.0,2083200000000.0,0.0
1983-10-31,ECONOMICS:USM2,2099200000000.0,2099200000000.0,2099200000000.0,2099200000000.0,0.0
1983-11-30,ECONOMICS:USM2,2112300000000.0,2112300000000.0,2112300000000.0,2112300000000.0,0.0
1983-12-31,ECONOMICS:USM2,2123500000000.0,2123500000000.0,2123500000000.0,2123500000000.0,0.0
1984-01-31,ECONOMICS:USM2,2138200000000.0,2138200000000.0,2138200000000.0,2138200000000.0,0.0
1984-02-29,ECONOMICS:USM2,2158200000000.0,2158200000000.0,2158200000000.0,2158200000000.0,0.0
1984-03-31,ECONOMICS:USM2,2175200000000.0,2175200000000.0,2175200000000.0,2175200000000.0,0.0
1984-04-30,ECONOMICS:USM2,2191700000000.0,2191700000000.0,2191700000000.0,2191700000000.0,0.0
1984-05-31,ECONOMICS:USM2,2204100000000.0,2204100000000.0,2204100000000.0,2204100000000.0,0.0
1984-06-30,ECONOMICS:USM2,2215100000000.0,2215100000000.0,2215100000000.0,2215100000000.0,0.0
1984-07-31,ECONOMICS:USM2,2223500000000.0,2223500000000.0,2223500000000.0,2223500000000.0,0.0
1984-08-31,ECONOMICS:USM2,2230400000000.0,2230400000000.0,2230400000000.0,2230400000000.0,0.0
1984-09-30,ECONOMICS:USM2,2244400000000.0,2244400000000.0,2244400000000.0,2244400000000.0,0.0
1984-10-31,ECONOMICS:USM2,2258900000000.0,2258900000000.0,2258900000000.0,2258900000000.0,0.0
1984-11-30,ECONOMICS:USM2,2281400000000.0,2281400000000.0,2281400000000.0,2281400000000.0,0.0
1984-12-31,ECONOMICS:USM2,2306400000000.0,2306400000000.0,2306400000000.0,2306400000000.0,0.0
1985-01-31,ECONOMICS:USM2,2332400000000.0,2332400000000.0,2332400000000.0,2332400000000.0,0.0
1985-02-28,ECONOMICS:USM2,2354100000000.0,2354100000000.0,2354100000000.0,2354100000000.0,0.0
1985-03-31,ECONOMICS:USM2,2366200000000.0,2366200000000.0,2366200000000.0,2366200000000.0,0.0
1985-04-30,ECONOMICS:USM2,2375400000000.0,2375400000000.0,2375400000000.0,2375400000000.0,0.0
1985-05-31,ECONOMICS:USM2,2389500000000.0,2389500000000.0,2389500000000.0,2389500000000.0,0.0
1985-06-30,ECONOMICS:USM2,2412600000000.0,2412600000000.0,2412600000000.0,2412600000000.0,0.0
1985-07-31,ECONOMICS:USM2,2429500000000.0,2429500000000.0,2429500000000.0,2429500000000.0,0.0
1985-08-31,ECONOMICS:USM2,2444000000000.0,2444000000000.0,2444000000000.0,2444000000000.0,0.0
1985-09-30,ECONOMICS:USM2,2456400000000.0,2456400000000.0,2456400000000.0,2456400000000.0,0.0
1985-10-31,ECONOMICS:USM2,2468000000000.0,2468000000000.0,2468000000000.0,2468000000000.0,0.0
1985-11-30,ECONOMICS:USM2,2477800000000.0,2477800000000.0,2477800000000.0,2477800000000.0,0.0
1985-12-31,ECONOMICS:USM2,2492100000000.0,2492100000000.0,2492100000000.0,2492100000000.0,0.0
1986-01-31,ECONOMICS:USM2,2502100000000.0,2502100000000.0,2502100000000.0,2502100000000.0,0.0
1986-02-28,ECONOMICS:USM2,2512900000000.0,2512900000000.0,2512900000000.0,2512900000000.0,0.0
1986-03-31,ECONOMICS:USM2,2533100000000.0,2533100000000.0,2533100000000.0,2533100000000.0,0.0
1986-04-30,ECONOMICS:USM2,2557800000000.0,2557800000000.0,2557800000000.0,2557800000000.0,0.0
1986-05-31,ECONOMICS:USM2,2584800000000.0,2584800000000.0,2584800000000.0,2584800000000.0,0.0
1986-06-30,ECONOMICS:USM2,2605000000000.0,2605000000000.0,2605000000000.0,2605000000000.0,0.0
1986-07-31,ECONOMICS:USM2,2626600000000.0,2626600000000.0,2626600000000.0,2626600000000.0,0.0
1986-08-31,ECONOMICS:USM2,2646500000000.0,2646500000000.0,2646500000000.0,2646500000000.0,0.0
1986-09-30,ECONOMICS:USM2,2667800000000.0,2667800000000.0,2667800000000.0,2667800000000.0,0.0
1986-10-31,ECONOMICS:USM2,2687400000000.0,2687400000000.0,2687400000000.0,2687400000000.0,0.0
1986-11-30,ECONOMICS:USM2,2701300000000.0,2701300000000.0,2701300000000.0,2701300000000.0,0.0
1986-12-31,ECONOMICS:USM2,2728000000000.0,2728000000000.0,2728000000000.0,2728000000000.0,0.0
1987-01-31,ECONOMICS:USM2,2743900000000.0,2743900000000.0,2743900000000.0,2743900000000.0,0.0
1987-02-28,ECONOMICS:USM2,2747500000000.0,2747500000000.0,2747500000000.0,2747500000000.0,0.0
1987-03-31,ECONOMICS:USM2,2753700000000.0,2753700000000.0,2753700000000.0,2753700000000.0,0.0
1987-04-30,ECONOMICS:USM2,2767700000000.0,2767700000000.0,2767700000000.0,2767700000000.0,0.0
1987-05-31,ECONOMICS:USM2,2772900000000.0,2772900000000.0,2772900000000.0,2772900000000.0,0.0
1987-06-30,ECONOMICS:USM2,2774600000000.0,2774600000000.0,2774600000000.0,2774600000000.0,0.0
1987-07-31,ECONOMICS:USM2,2779000000000.0,2779000000000.0,2779000000000.0,2779000000000.0,0.0
1987-08-31,ECONOMICS:USM2,2788200000000.0,2788200000000.0,2788200000000.0,2788200000000.0,0.0
1987-09-30,ECONOMICS:USM2,2799500000000.0,2799500000000.0,2799500000000.0,2799500000000.0,0.0
1987-10-31,ECONOMICS:USM2,2814800000000.0,2814800000000.0,2814800000000.0,2814800000000.0,0.0
1987-11-30,ECONOMICS:USM2,2818900000000.0,2818900000000.0,2818900000000.0,2818900000000.0,0.0
1987-12-31,ECONOMICS:USM2,2826400000000.0,2826400000000.0,2826400000000.0,2826400000000.0,0.0
1988-01-31,ECONOMICS:USM2,2847400000000.0,2847400000000.0,2847400000000.0,2847400000000.0,0.0
1988-02-29,ECONOMICS:USM2,2870400000000.0,2870400000000.0,2870400000000.0,2870400000000.0,0.0
1988-03-31,ECONOMICS:USM2,2890700000000.0,2890700000000.0,2890700000000.0,2890700000000.0,0.0
1988-04-30,ECONOMICS:USM2,2910700000000.0,2910700000000.0,2910700000000.0,2910700000000.0,0.0
1988-05-31,ECONOMICS:USM2,2926000000000.0,2926000000000.0,2926000000000.0,2926000000000.0,0.0
1988-06-30,ECONOMICS:USM2,2938400000000.0,2938400000000.0,2938400000000.0,2938400000000.0,0.0
1988-07-31,ECONOMICS:USM2,2947200000000.0,2947200000000.0,2947200000000.0,2947200000000.0,0.0
1988-08-31,ECONOMICS:USM2,2952000000000.0,2952000000000.0,2952000000000.0,2952000000000.0,0.0
1988-09-30,ECONOMICS:USM2,2956900000000.0,2956900000000.0,2956900000000.0,2956900000000.0,0.0
1988-10-31,ECONOMICS:USM2,2965300000000.0,2965300000000.0,2965300000000.0,2965300000000.0,0.0
1988-11-30,ECONOMICS:USM2,2980200000000.0,2980200000000.0,2980200000000.0,2980200000000.0,0.0
1988-12-31,ECONOMICS:USM2,2988200000000.0,2988200000000.0,2988200000000.0,2988200000000.0,0.0
1989-01-31,ECONOMICS:USM2,2991700000000.0,2991700000000.0,2991700000000.0,2991700000000.0,0.0
1989-02-28,ECONOMICS:USM2,2992200000000.0,2992200000000.0,2992200000000.0,2992200000000.0,0.0
1989-03-31,ECONOMICS:USM2,2999700000000.0,2999700000000.0,2999700000000.0,2999700000000.0,0.0
1989-04-30,ECONOMICS:USM2,3006000000000.0,3006000000000.0,3006000000000.0,3006000000000.0,0.0
1989-05-31,ECONOMICS:USM2,3011600000000.0,3011600000000.0,3011600000000.0,3011600000000.0,0.0
1989-06-30,ECONOMICS:USM2,3027900000000.0,3027900000000.0,3027900000000.0,3027900000000.0,0.0
1989-07-31,ECONOMICS:USM2,3052400000000.0,3052400000000.0,3052400000000.0,3052400000000.0,0.0
1989-08-31,ECONOMICS:USM2,3074400000000.0,3074400000000.0,3074400000000.0,3074400000000.0,0.0
1989-09-30,ECONOMICS:USM2,3092500000000.0,3092500000000.0,3092500000000.0,3092500000000.0,0.0
1989-10-31,ECONOMICS:USM2,3114100000000.0,3114100000000.0,3114100000000.0,3114100000000.0,0.0
1989-11-30,ECONOMICS:USM2,3133300000000.0,3133300000000.0,3133300000000.0,3133300000000.0,0.0
1989-12-31,ECONOMICS:USM2,3152500000000.0,3152500000000.0,3152500000000.0,3152500000000.0,0.0
1990-01-31,ECONOMICS:USM2,3166800000000.0,3166800000000.0,3166800000000.0,3166800000000.0,0.0
1990-02-28,ECONOMICS:USM2,3179200000000.0,3179200000000.0,3179200000000.0,3179200000000.0,0.0
1990-03-31,ECONOMICS:USM2,3190100000000.0,3190100000000.0,3190100000000.0,3190100000000.0,0.0
1990-04-30,ECONOMICS:USM2,3201600000000.0,3201600000000.0,3201600000000.0,3201600000000.0,0.0
1990-05-31,ECONOMICS:USM2,3200600000000.0,3200600000000.0,3200600000000.0,3200600000000.0,0.0
1990-06-30,ECONOMICS:USM2,3213700000000.0,3213700000000.0,3213700000000.0,3213700000000.0,0.0
1990-07-31,ECONOMICS:USM2,3224500000000.0,3224500000000.0,3224500000000.0,3224500000000.0,0.0
1990-08-31,ECONOMICS:USM2,3242000000000.0,3242000000000.0,3242000000000.0,3242000000000.0,0.0
1990-09-30,ECONOMICS:USM2,3254600000000.0,3254600000000.0,3254600000000.0,3254600000000.0,0.0
1990-10-31,ECONOMICS:USM2,3259300000000.0,3259300000000.0,3259300000000.0,3259300000000.0,0.0
1990-11-30,ECONOMICS:USM2,3262600000000.0,3262600000000.0,3262600000000.0,3262600000000.0,0.0
1990-12-31,ECONOMICS:USM2,3271800000000.0,3271800000000.0,3271800000000.0,3271800000000.0,0.0
1991-01-31,ECONOMICS:USM2,3287700000000.0,3287700000000.0,3287700000000.0,3287700000000.0,0.0
1991-02-28,ECONOMICS:USM2,3304500000000.0,3304500000000.0,3304500000000.0,3304500000000.0,0.0
1991-03-31,ECONOMICS:USM2,3321900000000.0,3321900000000.0,3321900000000.0,3321900000000.0,0.0
1991-04-30,ECONOMICS:USM2,3332400000000.0,3332400000000.0,3332400000000.0,3332400000000.0,0.0
1991-05-31,ECONOMICS:USM2,3343000000000.0,3343000000000.0,3343000000000.0,3343000000000.0,0.0
1991-06-30,ECONOMICS:USM2,3351900000000.0,3351900000000.0,3351900000000.0,3351900000000.0,0.0
1991-07-31,ECONOMICS:USM2,3356100000000.0,3356100000000.0,3356100000000.0,3356100000000.0,0.0
1991-08-31,ECONOMICS:USM2,3355000000000.0,3355000000000.0,3355000000000.0,3355000000000.0,0.0
1991-09-30,ECONOMICS:USM2,3354900000000.0,3354900000000.0,3354900000000.0,3354900000000.0,0.0
1991-10-31,ECONOMICS:USM2,3360100000000.0,3360100000000.0,3360100000000.0,3360100000000.0,0.0
1991-11-30,ECONOMICS:USM2,3365500000000.0,3365500000000.0,3365500000000.0,3365500000000.0,0.0
1991-12-31,ECONOMICS:USM2,3372200000000.0,3372200000000.0,3372200000000.0,3372200000000.0,0.0
1992-01-31,ECONOMICS:USM2,3381200000000.0,3381200000000.0,3381200000000.0,3381200000000.0,0.0
1992-02-29,ECONOMICS:USM2,3400000000000.0,3400000000000.0,3400000000000.0,3400000000000.0,0.0
1992-03-31,ECONOMICS:USM2,3403900000000.0,3403900000000.0,3403900000000.0,3403900000000.0,0.0
1992-04-30,ECONOMICS:USM2,3399700000000.0,3399700000000.0,3399700000000.0,3399700000000.0,0.0
1992-05-31,ECONOMICS:USM2,3398600000000.0,3398600000000.0,3398600000000.0,3398600000000.0,0.0
1992-06-30,ECONOMICS:USM2,3393400000000.0,3393400000000.0,3393400000000.0,3393400000000.0,0.0
1992-07-31,ECONOMICS:USM2,3393900000000.0,3393900000000.0,3393900000000.0,3393900000000.0,0.0
1992-08-31,ECONOMICS:USM2,3398800000000.0,3398800000000.0,3398800000000.0,3398800000000.0,0.0
1992-09-30,ECONOMICS:USM2,3410300000000.0,3410300000000.0,3410300000000.0,3410300000000.0,0.0
1992-10-31,ECONOMICS:USM2,3423800000000.0,3423800000000.0,3423800000000.0,3423800000000.0,0.0
1992-11-30,ECONOMICS:USM2,3426500000000.0,3426500000000.0,3426500000000.0,3426500000000.0,0.0
1992-12-31,ECONOMICS:USM2,3424700000000.0,3424700000000.0,3424700000000.0,3424700000000.0,0.0
1993-01-31,ECONOMICS:USM2,3419100000000.0,3419100000000.0,3419100000000.0,3419100000000.0,0.0
1993-02-28,ECONOMICS:USM2,3414500000000.0,3414500000000.0,3414500000000.0,3414500000000.0,0.0
1993-03-31,ECONOMICS:USM2,3411700000000.0,3411700000000.0,3411700000000.0,3411700000000.0,0.0
1993-04-30,ECONOMICS:USM2,3411300000000.0,3411300000000.0,3411300000000.0,3411300000000.0,0.0
1993-05-31,ECONOMICS:USM2,3436900000000.0,3436900000000.0,3436900000000.0,3436900000000.0,0.0
1993-06-30,ECONOMICS:USM2,3442400000000.0,3442400000000.0,3442400000000.0,3442400000000.0,0.0
1993-07-31,ECONOMICS:USM2,3442000000000.0,3442000000000.0,3442000000000.0,3442000000000.0,0.0
1993-08-31,ECONOMICS:USM2,3445700000000.0,3445700000000.0,3445700000000.0,3445700000000.0,0.0
1993-09-30,ECONOMICS:USM2,3452200000000.0,3452200000000.0,3452200000000.0,3452200000000.0,0.0
1993-10-31,ECONOMICS:USM2,3456700000000.0,3456700000000.0,3456700000000.0,3456700000000.0,0.0
1993-11-30,ECONOMICS:USM2,3470100000000.0,3470100000000.0,3470100000000.0,3470100000000.0,0.0
1993-12-31,ECONOMICS:USM2,3474500000000.0,3474500000000.0,3474500000000.0,3474500000000.0,0.0
1994-01-31,ECONOMICS:USM2,3474900000000.0,3474900000000.0,3474900000000.0,3474900000000.0,0.0
1994-02-28,ECONOMICS:USM2,3475700000000.0,3475700000000.0,3475700000000.0,3475700000000.0,0.0
1994-03-31,ECONOMICS:USM2,3480100000000.0,3480100000000.0,3480100000000.0,3480100000000.0,0.0
1994-04-30,ECONOMICS:USM2,3481300000000.0,3481300000000.0,3481300000000.0,3481300000000.0,0.0
1994-05-31,ECONOMICS:USM2,3490800000000.0,3490800000000.0,3490800000000.0,3490800000000.0,0.0
1994-06-30,ECONOMICS:USM2,3479500000000.0,3479500000000.0,3479500000000.0,3479500000000.0,0.0
1994-07-31,ECONOMICS:USM2,3488200000000.0,3488200000000.0,3488200000000.0,3488200000000.0,0.0
1994-08-31,ECONOMICS:USM2,3485700000000.0,3485700000000.0,3485700000000.0,3485700000000.0,0.0
1994-09-30,ECONOMICS:USM2,3486100000000.0,3486100000000.0,3486100000000.0,3486100000000.0,0.0
1994-10-31,ECONOMICS:USM2,3484300000000.0,3484300000000.0,3484300000000.0,3484300000000.0,0.0
1994-11-30,ECONOMICS:USM2,3487200000000.0,3487200000000.0,3487200000000.0,3487200000000.0,0.0
1994-12-31,ECONOMICS:USM2,3486400000000.0,3486400000000.0,3486400000000.0,3486400000000.0,0.0
1995-01-31,ECONOMICS:USM2,3492400000000.0,3492400000000.0,3492400000000.0,3492400000000.0,0.0
1995-02-28,ECONOMICS:USM2,3489900000000.0,3489900000000.0,3489900000000.0,3489900000000.0,0.0
1995-03-31,ECONOMICS:USM2,3491100000000.0,3491100000000.0,3491100000000.0,3491100000000.0,0.0
1995-04-30,ECONOMICS:USM2,3499200000000.0,3499200000000.0,3499200000000.0,3499200000000.0,0.0
1995-05-31,ECONOMICS:USM2,3524200000000.0,3524200000000.0,3524200000000.0,3524200000000.0,0.0
1995-06-30,ECONOMICS:USM2,3548900000000.0,3548900000000.0,3548900000000.0,3548900000000.0,0.0
1995-07-31,ECONOMICS:USM2,3567400000000.0,3567400000000.0,3567400000000.0,3567400000000.0,0.0
1995-08-31,ECONOMICS:USM2,3589000000000.0,3589000000000.0,3589000000000.0,3589000000000.0,0.0
1995-09-30,ECONOMICS:USM2,3602100000000.0,3602100000000.0,3602100000000.0,3602100000000.0,0.0
1995-10-31,ECONOMICS:USM2,3613400000000.0,3613400000000.0,3613400000000.0,3613400000000.0,0.0
1995-11-30,ECONOMICS:USM2,3619900000000.0,3619900000000.0,3619900000000.0,3619900000000.0,0.0
1995-12-31,ECONOMICS:USM2,3629500000000.0,3629500000000.0,3629500000000.0,3629500000000.0,0.0
1996-01-31,ECONOMICS:USM2,3647900000000.0,3647900000000.0,3647900000000.0,3647900000000.0,0.0
1996-02-29,ECONOMICS:USM2,3661800000000.0,3661800000000.0,3661800000000.0,3661800000000.0,0.0
1996-03-31,ECONOMICS:USM2,3686900000000.0,3686900000000.0,3686900000000.0,3686900000000.0,0.0
1996-04-30,ECONOMICS:USM2,3697700000000.0,3697700000000.0,3697700000000.0,3697700000000.0,0.0
1996-05-31,ECONOMICS:USM2,3709600000000.0,3709600000000.0,3709600000000.0,3709600000000.0,0.0
1996-06-30,ECONOMICS:USM2,3722500000000.0,3722500000000.0,3722500000000.0,3722500000000.0,0.0
1996-07-31,ECONOMICS:USM2,3737100000000.0,3737100000000.0,3737100000000.0,3737100000000.0,0.0
1996-08-31,ECONOMICS:USM2,3744000000000.0,3744000000000.0,3744000000000.0,3744000000000.0,0.0
1996-09-30,ECONOMICS:USM2,3753400000000.0,3753400000000.0,3753400000000.0,3753400000000.0,0.0
1996-10-31,ECONOMICS:USM2,3772800000000.0,3772800000000.0,3772800000000.0,3772800000000.0,0.0
1996-11-30,ECONOMICS:USM2,3795100000000.0,3795100000000.0,3795100000000.0,3795100000000.0,0.0
1996-12-31,ECONOMICS:USM2,3818600000000.0,3818600000000.0,3818600000000.0,3818600000000.0,0.0
1997-01-31,ECONOMICS:USM2,3834600000000.0,3834600000000.0,3834600000000.0,3834600000000.0,0.0
1997-02-28,ECONOMICS:USM2,3846300000000.0,3846300000000.0,3846300000000.0,3846300000000.0,0.0
1997-03-31,ECONOMICS:USM2,3861200000000.0,3861200000000.0,3861200000000.0,3861200000000.0,0.0
1997-04-30,ECONOMICS:USM2,3877000000000.0,3877000000000.0,3877000000000.0,3877000000000.0,0.0
1997-05-31,ECONOMICS:USM2,3889200000000.0,3889200000000.0,3889200000000.0,3889200000000.0,0.0
1997-06-30,ECONOMICS:USM2,3906000000000.0,3906000000000.0,3906000000000.0,3906000000000.0,0.0
1997-07-31,ECONOMICS:USM2,3923900000000.0,3923900000000.0,3923900000000.0,3923900000000.0,0.0
1997-08-31,ECONOMICS:USM2,3957400000000.0,3957400000000.0,3957400000000.0,3957400000000.0,0.0
1997-09-30,ECONOMICS:USM2,3973100000000.0,3973100000000.0,3973100000000.0,3973100000000.0,0.0
1997-10-31,ECONOMICS:USM2,3992300000000.0,3992300000000.0,3992300000000.0,3992300000000.0,0.0
1997-11-30,ECONOMICS:USM2,4014800000000.0,4014800000000.0,4014800000000.0,4014800000000.0,0.0
1997-12-31,ECONOMICS:USM2,4032900000000.0,4032900000000.0,4032900000000.0,4032900000000.0,0.0
1998-01-31,ECONOMICS:USM2,4056200000000.0,4056200000000.0,4056200000000.0,4056200000000.0,0.0
1998-02-28,ECONOMICS:USM2,4088900000000.0,4088900000000.0,4088900000000.0,4088900000000.0,0.0
1998-03-31,ECONOMICS:USM2,4114300000000.0,4114300000000.0,4114300000000.0,4114300000000.0,0.0
1998-04-30,ECONOMICS:USM2,4140200000000.0,4140200000000.0,4140200000000.0,4140200000000.0,0.0
1998-05-31,ECONOMICS:USM2,4164400000000.0,4164400000000.0,4164400000000.0,4164400000000.0,0.0
1998-06-30,ECONOMICS:USM2,4184100000000.001,4184100000000.001,4184100000000.001,4184100000000.001,0.0
1998-07-31,ECONOMICS:USM2,4203800000000.0,4203800000000.0,4203800000000.0,4203800000000.0,0.0
1998-08-31,ECONOMICS:USM2,4228700000000.0,4228700000000.0,4228700000000.0,4228700000000.0,0.0
1998-09-30,ECONOMICS:USM2,4267600000000.001,4267600000000.001,4267600000000.001,4267600000000.001,0.0
1998-10-31,ECONOMICS:USM2,4307700000000.0,4307700000000.0,4307700000000.0,4307700000000.0,0.0
1998-11-30,ECONOMICS:USM2,4346400000000.0,4346400000000.0,4346400000000.0,4346400000000.0,0.0
1998-12-31,ECONOMICS:USM2,4375200000000.0,4375200000000.0,4375200000000.0,4375200000000.0,0.0
1999-01-31,ECONOMICS:USM2,4402600000000.0,4402600000000.0,4402600000000.0,4402600000000.0,0.0
1999-02-28,ECONOMICS:USM2,4425300000000.0,4425300000000.0,4425300000000.0,4425300000000.0,0.0
1999-03-31,ECONOMICS:USM2,4432100000000.0,4432100000000.0,4432100000000.0,4432100000000.0,0.0
1999-04-30,ECONOMICS:USM2,4460700000000.0,4460700000000.0,4460700000000.0,4460700000000.0,0.0
1999-05-31,ECONOMICS:USM2,4485300000000.0,4485300000000.0,4485300000000.0,4485300000000.0,0.0
1999-06-30,ECONOMICS:USM2,4507200000000.0,4507200000000.0,4507200000000.0,4507200000000.0,0.0
1999-07-31,ECONOMICS:USM2,4534500000000.0,4534500000000.0,4534500000000.0,4534500000000.0,0.0
1999-08-31,ECONOMICS:USM2,4551700000000.0,4551700000000.0,4551700000000.0,4551700000000.0,0.0
1999-09-30,ECONOMICS:USM2,4567700000000.0,4567700000000.0,4567700000000.0,4567700000000.0,0.0
1999-10-31,ECONOMICS:USM2,4591500000000.0,4591500000000.0,4591500000000.0,4591500000000.0,0.0
1999-11-30,ECONOMICS:USM2,4610500000000.0,4610500000000.0,4610500000000.0,4610500000000.0,0.0
1999-12-31,ECONOMICS:USM2,4638000000000.0,4638000000000.0,4638000000000.0,4638000000000.0,0.0
2000-01-31,ECONOMICS:USM2,4666200000000.0,4666200000000.0,4666200000000.0,4666200000000.0,0.0
2000-02-29,ECONOMICS:USM2,4679400000000.0,4679400000000.0,4679400000000.0,4679400000000.0,0.0
2000-03-31,ECONOMICS:USM2,4710200000000.0,4710200000000.0,4710200000000.0,4710200000000.0,0.0
2000-04-30,ECONOMICS:USM2,4766100000000.0,4766100000000.0,4766100000000.0,4766100000000.0,0.0
2000-05-31,ECONOMICS:USM2,4753900000000.0,4753900000000.0,4753900000000.0,4753900000000.0,0.0
2000-06-30,ECONOMICS:USM2,4771800000000.0,4771800000000.0,4771800000000.0,4771800000000.0,0.0
2000-07-31,ECONOMICS:USM2,4789400000000.0,4789400000000.0,4789400000000.0,4789400000000.0,0.0
2000-08-31,ECONOMICS:USM2,4817500000000.0,4817500000000.0,4817500000000.0,4817500000000.0,0.0
2000-09-30,ECONOMICS:USM2,4853200000000.0,4853200000000.0,4853200000000.0,4853200000000.0,0.0
2000-10-31,ECONOMICS:USM2,4869200000000.0,4869200000000.0,4869200000000.0,4869200000000.0,0.0
2000-11-30,ECONOMICS:USM2,4880300000000.0,4880300000000.0,4880300000000.0,4880300000000.0,0.0
2000-12-31,ECONOMICS:USM2,4925000000000.0,4925000000000.0,4925000000000.0,4925000000000.0,0.0
2001-01-31,ECONOMICS:USM2,4975700000000.0,4975700000000.0,4975700000000.0,4975700000000.0,0.0
2001-02-28,ECONOMICS:USM2,5014100000000.0,5014100000000.0,5014100000000.0,5014100000000.0,0.0
2001-03-31,ECONOMICS:USM2,5072000000000.0,5072000000000.0,5072000000000.0,5072000000000.0,0.0
2001-04-30,ECONOMICS:USM2,5135900000000.0,5135900000000.0,5135900000000.0,5135900000000.0,0.0
2001-05-31,ECONOMICS:USM2,5133000000000.0,5133000000000.0,5133000000000.0,5133000000000.0,0.0
2001-06-30,ECONOMICS:USM2,5173500000000.0,5173500000000.0,5173500000000.0,5173500000000.0,0.0
2001-07-31,ECONOMICS:USM2,5203400000000.0,5203400000000.0,5203400000000.0,5203400000000.0,0.0
2001-08-31,ECONOMICS:USM2,5237200000000.0,5237200000000.0,5237200000000.0,5237200000000.0,0.0
2001-09-30,ECONOMICS:USM2,5348400000000.0,5348400000000.0,5348400000000.0,5348400000000.0,0.0
2001-10-31,ECONOMICS:USM2,5337100000000.0,5337100000000.0,5337100000000.0,5337100000000.0,0.0
2001-11-30,ECONOMICS:USM2,5380800000000.0,5380800000000.0,5380800000000.0,5380800000000.0,0.0
2001-12-31,ECONOMICS:USM2,5433800000000.0,5433800000000.0,5433800000000.0,5433800000000.0,0.0
2002-01-31,ECONOMICS:USM2,5454100000000.0,5454100000000.0,5454100000000.0,5454100000000.0,0.0
2002-02-28,ECONOMICS:USM2,5483400000000.0,5483400000000.0,5483400000000.0,5483400000000.0,0.0
2002-03-31,ECONOMICS:USM2,5495200000000.0,5495200000000.0,5495200000000.0,5495200000000.0,0.0
2002-04-30,ECONOMICS:USM2,5495400000000.0,5495400000000.0,5495400000000.0,5495400000000.0,0.0
2002-05-31,ECONOMICS:USM2,5521500000000.0,5521500000000.0,5521500000000.0,5521500000000.0,0.0
2002-06-30,ECONOMICS:USM2,5546500000000.0,5546500000000.0,5546500000000.0,5546500000000.0,0.0
2002-07-31,ECONOMICS:USM2,5589100000000.0,5589100000000.0,5589100000000.0,5589100000000.0,0.0
2002-08-31,ECONOMICS:USM2,5631600000000.0,5631600000000.0,5631600000000.0,5631600000000.0,0.0
2002-09-30,ECONOMICS:USM2,5656000000000.0,5656000000000.0,5656000000000.0,5656000000000.0,0.0
2002-10-31,ECONOMICS:USM2,5700400000000.0,5700400000000.0,5700400000000.0,5700400000000.0,0.0
2002-11-30,ECONOMICS:USM2,5750600000000.0,5750600000000.0,5750600000000.0,5750600000000.0,0.0
2002-12-31,ECONOMICS:USM2,5772000000000.0,5772000000000.0,5772000000000.0,5772000000000.0,0.0
2003-01-31,ECONOMICS:USM2,5804600000000.0,5804600000000.0,5804600000000.0,5804600000000.0,0.0
2003-02-28,ECONOMICS:USM2,5840700000000.0,5840700000000.0,5840700000000.0,5840700000000.0,0.0
2003-03-31,ECONOMICS:USM2,5861400000000.0,5861400000000.0,5861400000000.0,5861400000000.0,0.0
2003-04-30,ECONOMICS:USM2,5898800000000.0,5898800000000.0,5898800000000.0,5898800000000.0,0.0
2003-05-31,ECONOMICS:USM2,5959300000000.0,5959300000000.0,5959300000000.0,5959300000000.0,0.0
2003-06-30,ECONOMICS:USM2,5996000000000.0,5996000000000.0,5996000000000.0,5996000000000.0,0.0
2003-07-31,ECONOMICS:USM2,6042700000000.0,6042700000000.0,6042700000000.0,6042700000000.0,0.0
2003-08-31,ECONOMICS:USM2,6100800000000.0,6100800000000.0,6100800000000.0,6100800000000.0,0.0
2003-09-30,ECONOMICS:USM2,6072800000000.0,6072800000000.0,6072800000000.0,6072800000000.0,0.0
2003-10-31,ECONOMICS:USM2,6063600000000.0,6063600000000.0,6063600000000.0,6063600000000.0,0.0
2003-11-30,ECONOMICS:USM2,6069100000000.0,6069100000000.0,6069100000000.0,6069100000000.0,0.0
2003-12-31,ECONOMICS:USM2,6067300000000.0,6067300000000.0,6067300000000.0,6067300000000.0,0.0
2004-01-31,ECONOMICS:USM2,6075500000000.0,6075500000000.0,6075500000000.0,6075500000000.0,0.0
2004-02-29,ECONOMICS:USM2,6114300000000.0,6114300000000.0,6114300000000.0,6114300000000.0,0.0
2004-03-31,ECONOMICS:USM2,6150100000000.0,6150100000000.0,6150100000000.0,6150100000000.0,0.0
2004-04-30,ECONOMICS:USM2,6191200000000.0,6191200000000.0,6191200000000.0,6191200000000.0,0.0
2004-05-31,ECONOMICS:USM2,6268100000000.0,6268100000000.0,6268100000000.0,6268100000000.0,0.0
2004-06-30,ECONOMICS:USM2,6270500000000.0,6270500000000.0,6270500000000.0,6270500000000.0,0.0
2004-07-31,ECONOMICS:USM2,6284300000000.0,6284300000000.0,6284300000000.0,6284300000000.0,0.0
2004-08-31,ECONOMICS:USM2,6310600000000.0,6310600000000.0,6310600000000.0,6310600000000.0,0.0
2004-09-30,ECONOMICS:USM2,6345300000000.0,6345300000000.0,6345300000000.0,6345300000000.0,0.0
2004-10-31,ECONOMICS:USM2,6373300000000.0,6373300000000.0,6373300000000.0,6373300000000.0,0.0
2004-11-30,ECONOMICS:USM2,6399800000000.0,6399800000000.0,6399800000000.0,6399800000000.0,0.0
2004-12-31,ECONOMICS:USM2,6418300000000.0,6418300000000.0,6418300000000.0,6418300000000.0,0.0
2005-01-31,ECONOMICS:USM2,6424500000000.0,6424500000000.0,6424500000000.0,6424500000000.0,0.0
2005-02-28,ECONOMICS:USM2,6432800000000.0,6432800000000.0,6432800000000.0,6432800000000.0,0.0
2005-03-31,ECONOMICS:USM2,6441900000000.0,6441900000000.0,6441900000000.0,6441900000000.0,0.0
2005-04-30,ECONOMICS:USM2,6455900000000.0,6455900000000.0,6455900000000.0,6455900000000.0,0.0
2005-05-31,ECONOMICS:USM2,6473300000000.0,6473300000000.0,6473300000000.0,6473300000000.0,0.0
2005-06-30,ECONOMICS:USM2,6505800000000.0,6505800000000.0,6505800000000.0,6505800000000.0,0.0
2005-07-31,ECONOMICS:USM2,6537400000000.0,6537400000000.0,6537400000000.0,6537400000000.0,0.0
2005-08-31,ECONOMICS:USM2,6570200000000.0,6570200000000.0,6570200000000.0,6570200000000.0,0.0
2005-09-30,ECONOMICS:USM2,6604300000000.0,6604300000000.0,6604300000000.0,6604300000000.0,0.0
2005-10-31,ECONOMICS:USM2,6638600000000.0,6638600000000.0,6638600000000.0,6638600000000.0,0.0
2005-11-30,ECONOMICS:USM2,6655000000000.0,6655000000000.0,6655000000000.0,6655000000000.0,0.0
2005-12-31,ECONOMICS:USM2,6681900000000.0,6681900000000.0,6681900000000.0,6681900000000.0,0.0
2006-01-31,ECONOMICS:USM2,6724300000000.0,6724300000000.0,6724300000000.0,6724300000000.0,0.0
2006-02-28,ECONOMICS:USM2,6748600000000.0,6748600000000.0,6748600000000.0,6748600000000.0,0.0
2006-03-31,ECONOMICS:USM2,6762900000000.0,6762900000000.0,6762900000000.0,6762900000000.0,0.0
2006-04-30,ECONOMICS:USM2,6800100000000.0,6800100000000.0,6800100000000.0,6800100000000.0,0.0
2006-05-31,ECONOMICS:USM2,6806900000000.0,6806900000000.0,6806900000000.0,6806900000000.0,0.0
2006-06-30,ECONOMICS:USM2,6844900000000.0,6844900000000.0,6844900000000.0,6844900000000.0,0.0
2006-07-31,ECONOMICS:USM2,6886300000000.0,6886300000000.0,6886300000000.0,6886300000000.0,0.0
2006-08-31,ECONOMICS:USM2,6917100000000.0,6917100000000.0,6917100000000.0,6917100000000.0,0.0
2006-09-30,ECONOMICS:USM2,6944200000000.0,6944200000000.0,6944200000000.0,6944200000000.0,0.0
2006-10-31,ECONOMICS:USM2,6993300000000.0,6993300000000.0,6993300000000.0,6993300000000.0,0.0
2006-11-30,ECONOMICS:USM2,7028400000000.0,7028400000000.0,7028400000000.0,7028400000000.0,0.0
2006-12-31,ECONOMICS:USM2,7071600000000.0,7071600000000.0,7071600000000.0,7071600000000.0,0.0
2007-01-31,ECONOMICS:USM2,7109600000000.0,7109600000000.0,7109600000000.0,7109600000000.0,0.0
2007-02-28,ECONOMICS:USM2,7125300000000.0,7125300000000.0,7125300000000.0,7125300000000.0,0.0
2007-03-31,ECONOMICS:USM2,7159100000000.0,7159100000000.0,7159100000000.0,7159100000000.0,0.0
2007-04-30,ECONOMICS:USM2,7231300000000.0,7231300000000.0,7231300000000.0,7231300000000.0,0.0
2007-05-31,ECONOMICS:USM2,7245400000000.0,7245400000000.0,7245400000000.0,7245400000000.0,0.0
2007-06-30,ECONOMICS:USM2,7278600000000.0,7278600000000.0,7278600000000.0,7278600000000.0,0.0
2007-07-31,ECONOMICS:USM2,7309000000000.0,7309000000000.0,7309000000000.0,7309000000000.0,0.0
2007-08-31,ECONOMICS:USM2,7385100000000.0,7385100000000.0,7385100000000.0,7385100000000.0,0.0
2007-09-30,ECONOMICS:USM2,7403200000000.0,7403200000000.0,7403200000000.0,7403200000000.0,0.0
2007-10-31,ECONOMICS:USM2,7417200000000.0,7417200000000.0,7417200000000.0,7417200000000.0,0.0
2007-11-30,ECONOMICS:USM2,7441800000000.0,7441800000000.0,7441800000000.0,7441800000000.0,0.0
2007-12-31,ECONOMICS:USM2,7471600000000.0,7471600000000.0,7471600000000.0,7471600000000.0,0.0
2008-01-31,ECONOMICS:USM2,7505500000000.0,7505500000000.0,7505500000000.0,7505500000000.0,0.0
2008-02-29,ECONOMICS:USM2,7590600000000.0,7590600000000.0,7590600000000.0,7590600000000.0,0.0
2008-03-31,ECONOMICS:USM2,7656200000000.0,7656200000000.0,7656200000000.0,7656200000000.0,0.0
2008-04-30,ECONOMICS:USM2,7699200000000.0,7699200000000.0,7699200000000.0,7699200000000.0,0.0
2008-05-31,ECONOMICS:USM2,7711200000000.0,7711200000000.0,7711200000000.0,7711200000000.0,0.0
2008-06-30,ECONOMICS:USM2,7728900000000.0,7728900000000.0,7728900000000.0,7728900000000.0,0.0
2008-07-31,ECONOMICS:USM2,7775400000000.0,7775400000000.0,7775400000000.0,7775400000000.0,0.0
2008-08-31,ECONOMICS:USM2,7790200000000.0,7790200000000.0,7790200000000.0,7790200000000.0,0.0
2008-09-30,ECONOMICS:USM2,7859500000000.0,7859500000000.0,7859500000000.0,7859500000000.0,0.0
2008-10-31,ECONOMICS:USM2,7965300000000.0,7965300000000.0,7965300000000.0,7965300000000.0,0.0
2008-11-30,ECONOMICS:USM2,8015800000000.0,8015800000000.0,8015800000000.0,8015800000000.0,0.0
2008-12-31,ECONOMICS:USM2,8192100000000.0,8192100000000.0,8192100000000.0,8192100000000.0,0.0
2009-01-31,ECONOMICS:USM2,8273700000000.001,8273700000000.001,8273700000000.001,8273700000000.001,0.0
2009-02-28,ECONOMICS:USM2,8303100000000.0,8303100000000.0,8303100000000.0,8303100000000.0,0.0
2009-03-31,ECONOMICS:USM2,8369299999999.999,8369299999999.999,8369299999999.999,8369299999999.999,0.0
2009-04-30,ECONOMICS:USM2,8372900000000.0,8372900000000.0,8372900000000.0,8372900000000.0,0.0
2009-05-31,ECONOMICS:USM2,8430700000000.001,8430700000000.001,8430700000000.001,8430700000000.001,0.0
2009-06-30,ECONOMICS:USM2,8440500000000.0,8440500000000.0,8440500000000.0,8440500000000.0,0.0
2009-07-31,ECONOMICS:USM2,8445100000000.0,8445100000000.0,8445100000000.0,8445100000000.0,0.0
2009-08-31,ECONOMICS:USM2,8445000000000.0,8445000000000.0,8445000000000.0,8445000000000.0,0.0
2009-09-30,ECONOMICS:USM2,8444200000000.001,8444200000000.001,8444200000000.001,8444200000000.001,0.0
2009-10-31,ECONOMICS:USM2,8471100000000.0,8471100000000.0,8471100000000.0,8471100000000.0,0.0
2009-11-30,ECONOMICS:USM2,8500799999999.999,8500799999999.999,8500799999999.999,8500799999999.999,0.0
2009-12-31,ECONOMICS:USM2,8496000000000.0,8496000000000.0,8496000000000.0,8496000000000.0,0.0
2010-01-31,ECONOMICS:USM2,8458100000000.0,8458100000000.0,8458100000000.0,8458100000000.0,0.0
2010-02-28,ECONOMICS:USM2,8507400000000.0,8507400000000.0,8507400000000.0,8507400000000.0,0.0
2010-03-31,ECONOMICS:USM2,8504500000000.0,8504500000000.0,8504500000000.0,8504500000000.0,0.0
2010-04-30,ECONOMICS:USM2,8535200000000.001,8535200000000.001,8535200000000.001,8535200000000.001,0.0
2010-05-31,ECONOMICS:USM2,8589900000000.0,8589900000000.0,8589900000000.0,8589900000000.0,0.0
2010-06-30,ECONOMICS:USM2,8609000000000.0,8609000000000.0,8609000000000.0,8609000000000.0,0.0
2010-07-31,ECONOMICS:USM2,8618799999999.999,8618799999999.999,8618799999999.999,8618799999999.999,0.0
2010-08-31,ECONOMICS:USM2,8669100000000.0,8669100000000.0,8669100000000.0,8669100000000.0,0.0
2010-09-30,ECONOMICS:USM2,8700100000000.0,8700100000000.0,8700100000000.0,8700100000000.0,0.0
2010-10-31,ECONOMICS:USM2,8749400000000.0,8749400000000.0,8749400000000.0,8749400000000.0,0.0
2010-11-30,ECONOMICS:USM2,8770000000000.0,8770000000000.0,8770000000000.0,8770000000000.0,0.0
2010-12-31,ECONOMICS:USM2,8801800000000.0,8801800000000.0,8801800000000.0,8801800000000.0,0.0
2011-01-31,ECONOMICS:USM2,8823100000000.0,8823100000000.0,8823100000000.0,8823100000000.0,0.0
2011-02-28,ECONOMICS:USM2,8886900000000.0,8886900000000.0,8886900000000.0,8886900000000.0,0.0
2011-03-31,ECONOMICS:USM2,8943500000000.0,8943500000000.0,8943500000000.0,8943500000000.0,0.0
2011-04-30,ECONOMICS:USM2,9004900000000.0,9004900000000.0,9004900000000.0,9004900000000.0,0.0
2011-05-31,ECONOMICS:USM2,9075500000000.0,9075500000000.0,9075500000000.0,9075500000000.0,0.0
2011-06-30,ECONOMICS:USM2,9151000000000.0,9151000000000.0,9151000000000.0,9151000000000.0,0.0
2011-07-31,ECONOMICS:USM2,9316600000000.0,9316600000000.0,9316600000000.0,9316600000000.0,0.0
2011-08-31,ECONOMICS:USM2,9507600000000.0,9507600000000.0,9507600000000.0,9507600000000.0,0.0
2011-09-30,ECONOMICS:USM2,9528300000000.0,9528300000000.0,9528300000000.0,9528300000000.0,0.0
2011-10-31,ECONOMICS:USM2,9562100000000.0,9562100000000.0,9562100000000.0,9562100000000.0,0.0
2011-11-30,ECONOMICS:USM2,9612600000000.0,9612600000000.0,9612600000000.0,9612600000000.0,0.0
2011-12-31,ECONOMICS:USM2,9660100000000.0,9660100000000.0,9660100000000.0,9660100000000.0,0.0
2012-01-31,ECONOMICS:USM2,9733300000000.0,9733300000000.0,9733300000000.0,9733300000000.0,0.0
2012-02-29,ECONOMICS:USM2,9785700000000.0,9785700000000.0,9785700000000.0,9785700000000.0,0.0
2012-03-31,ECONOMICS:USM2,9830600000000.0,9830600000000.0,9830600000000.0,9830600000000.0,0.0
2012-04-30,ECONOMICS:USM2,9884600000000.0,9884600000000.0,9884600000000.0,9884600000000.0,0.0
2012-05-31,ECONOMICS:USM2,9928400000000.0,9928400000000.0,9928400000000.0,9928400000000.0,0.0
2012-06-30,ECONOMICS:USM2,9999300000000.0,9999300000000.0,9999300000000.0,9999300000000.0,0.0
2012-07-31,ECONOMICS:USM2,10051800000000.0,10051800000000.0,10051800000000.0,10051800000000.0,0.0
2012-08-31,ECONOMICS:USM2,10121300000000.0,10121300000000.0,10121300000000.0,10121300000000.0,0.0
2012-09-30,ECONOMICS:USM2,10200800000000.0,10200800000000.0,10200800000000.0,10200800000000.0,0.0
2012-10-31,ECONOMICS:USM2,10267300000000.0,10267300000000.0,10267300000000.0,10267300000000.0,0.0
2012-11-30,ECONOMICS:USM2,10337600000000.0,10337600000000.0,10337600000000.0,10337600000000.0,0.0
2012-12-31,ECONOMICS:USM2,10459700000000.0,10459700000000.0,10459700000000.0,10459700000000.0,0.0
2013-01-31,ECONOMICS:USM2,10482900000000.0,10482900000000.0,10482900000000.0,10482900000000.0,0.0
2013-02-28,ECONOMICS:USM2,10501300000000.0,10501300000000.0,10501300000000.0,10501300000000.0,0.0
2013-03-31,ECONOMICS:USM2,10558300000000.0,10558300000000.0,10558300000000.0,10558300000000.0,0.0
2013-04-30,ECONOMICS:USM2,10586300000000.0,10586300000000.0,10586300000000.0,10586300000000.0,0.0
2013-05-31,ECONOMICS:USM2,10621000000000.0,10621000000000.0,10621000000000.0,10621000000000.0,0.0
2013-06-30,ECONOMICS:USM2,10678700000000.0,10678700000000.0,10678700000000.0,10678700000000.0,0.0
2013-07-31,ECONOMICS:USM2,10718400000000.0,10718400000000.0,10718400000000.0,10718400000000.0,0.0
2013-08-31,ECONOMICS:USM2,10776600000000.0,10776600000000.0,10776600000000.0,10776600000000.0,0.0
2013-09-30,ECONOMICS:USM2,10837200000000.0,10837200000000.0,10837200000000.0,10837200000000.0,0.0
2013-10-31,ECONOMICS:USM2,10961600000000.0,10961600000000.0,10961600000000.0,10961600000000.0,0.0
2013-11-30,ECONOMICS:USM2,10969700000000.0,10969700000000.0,10969700000000.0,10969700000000.0,0.0
2013-12-31,ECONOMICS:USM2,11035000000000.0,11035000000000.0,11035000000000.0,11035000000000.0,0.0
2014-01-31,ECONOMICS:USM2,11105700000000.0,11105700000000.0,11105700000000.0,11105700000000.0,0.0
2014-02-28,ECONOMICS:USM2,11171200000000.0,11171200000000.0,11171200000000.0,11171200000000.0,0.0
2014-03-31,ECONOMICS:USM2,11208100000000.0,11208100000000.0,11208100000000.0,11208100000000.0,0.0
2014-04-30,ECONOMICS:USM2,11253100000000.0,11253100000000.0,11253100000000.0,11253100000000.0,0.0
2014-05-31,ECONOMICS:USM2,11317900000000.0,11317900000000.0,11317900000000.0,11317900000000.0,0.0
2014-06-30,ECONOMICS:USM2,11373500000000.0,11373500000000.0,11373500000000.0,11373500000000.0,0.0
2014-07-31,ECONOMICS:USM2,11427400000000.0,11427400000000.0,11427400000000.0,11427400000000.0,0.0
2014-08-31,ECONOMICS:USM2,11451900000000.0,11451900000000.0,11451900000000.0,11451900000000.0,0.0
2014-09-30,ECONOMICS:USM2,11493700000000.0,11493700000000.0,11493700000000.0,11493700000000.0,0.0
2014-10-31,ECONOMICS:USM2,11568100000000.0,11568100000000.0,11568100000000.0,11568100000000.0,0.0
2014-11-30,ECONOMICS:USM2,11608800000000.0,11608800000000.0,11608800000000.0,11608800000000.0,0.0
2014-12-31,ECONOMICS:USM2,11692000000000.0,11692000000000.0,11692000000000.0,11692000000000.0,0.0
2015-01-31,ECONOMICS:USM2,11764600000000.0,11764600000000.0,11764600000000.0,11764600000000.0,0.0
2015-02-28,ECONOMICS:USM2,11870800000000.0,11870800000000.0,11870800000000.0,11870800000000.0,0.0
2015-03-31,ECONOMICS:USM2,11883600000000.0,11883600000000.0,11883600000000.0,11883600000000.0,0.0
2015-04-30,ECONOMICS:USM2,11923200000000.0,11923200000000.0,11923200000000.0,11923200000000.0,0.0
2015-05-31,ECONOMICS:USM2,11954400000000.0,11954400000000.0,11954400000000.0,11954400000000.0,0.0
2015-06-30,ECONOMICS:USM2,12000500000000.0,12000500000000.0,12000500000000.0,12000500000000.0,0.0
2015-07-31,ECONOMICS:USM2,12049900000000.0,12049900000000.0,12049900000000.0,12049900000000.0,0.0
2015-08-31,ECONOMICS:USM2,12100200000000.0,12100200000000.0,12100200000000.0,12100200000000.0,0.0
2015-09-30,ECONOMICS:USM2,12160700000000.0,12160700000000.0,12160700000000.0,12160700000000.0,0.0
2015-10-31,ECONOMICS:USM2,12200800000000.0,12200800000000.0,12200800000000.0,12200800000000.0,0.0
2015-11-30,ECONOMICS:USM2,12289800000000.0,12289800000000.0,12289800000000.0,12289800000000.0,0.0
2015-12-31,ECONOMICS:USM2,12350600000000.0,12350600000000.0,12350600000000.0,12350600000000.0,0.0
2016-01-31,ECONOMICS:USM2,12480000000000.0,12480000000000.0,12480000000000.0,12480000000000.0,0.0
2016-02-29,ECONOMICS:USM2,12546700000000.0,12546700000000.0,12546700000000.0,12546700000000.0,0.0
2016-03-31,ECONOMICS:USM2,12609300000000.0,12609300000000.0,12609300000000.0,12609300000000.0,0.0
2016-04-30,ECONOMICS:USM2,12692800000000.0,12692800000000.0,12692800000000.0,12692800000000.0,0.0
2016-05-31,ECONOMICS:USM2,12763300000000.0,12763300000000.0,12763300000000.0,12763300000000.0,0.0
2016-06-30,ECONOMICS:USM2,12828700000000.0,12828700000000.0,12828700000000.0,12828700000000.0,0.0
2016-07-31,ECONOMICS:USM2,12889600000000.0,12889600000000.0,12889600000000.0,12889600000000.0,0.0
2016-08-31,ECONOMICS:USM2,12976200000000.0,12976200000000.0,12976200000000.0,12976200000000.0,0.0
2016-09-30,ECONOMICS:USM2,13039100000000.0,13039100000000.0,13039100000000.0,13039100000000.0,0.0
2016-10-31,ECONOMICS:USM2,13109200000000.0,13109200000000.0,13109200000000.0,13109200000000.0,0.0
2016-11-30,ECONOMICS:USM2,13179700000000.0,13179700000000.0,13179700000000.0,13179700000000.0,0.0
2016-12-31,ECONOMICS:USM2,13212500000000.0,13212500000000.0,13212500000000.0,13212500000000.0,0.0
2017-01-31,ECONOMICS:USM2,13283500000000.0,13283500000000.0,13283500000000.0,13283500000000.0,0.0
2017-02-28,ECONOMICS:USM2,13348100000000.0,13348100000000.0,13348100000000.0,13348100000000.0,0.0
2017-03-31,ECONOMICS:USM2,13416700000000.0,13416700000000.0,13416700000000.0,13416700000000.0,0.0
2017-04-30,ECONOMICS:USM2,13477400000000.0,13477400000000.0,13477400000000.0,13477400000000.0,0.0
2017-05-31,ECONOMICS:USM2,13535700000000.0,13535700000000.0,13535700000000.0,13535700000000.0,0.0
2017-06-30,ECONOMICS:USM2,13559500000000.0,13559500000000.0,13559500000000.0,13559500000000.0,0.0
2017-07-31,ECONOMICS:USM2,13623500000000.0,13623500000000.0,13623500000000.0,13623500000000.0,0.0
2017-08-31,ECONOMICS:USM2,13682000000000.0,13682000000000.0,13682000000000.0,13682000000000.0,0.0
2017-09-30,ECONOMICS:USM2,13727400000000.0,13727400000000.0,13727400000000.0,13727400000000.0,0.0
2017-10-31,ECONOMICS:USM2,13781600000000.0,13781600000000.0,13781600000000.0,13781600000000.0,0.0
2017-11-30,ECONOMICS:USM2,13807600000000.0,13807600000000.0,13807600000000.0,13807600000000.0,0.0
2017-12-31,ECONOMICS:USM2,13853000000000.0,13853000000000.0,13853000000000.0,13853000000000.0,0.0
2018-01-31,ECONOMICS:USM2,13861800000000.0,13861800000000.0,13861800000000.0,13861800000000.0,0.0
2018-02-28,ECONOMICS:USM2,13899400000000.0,13899400000000.0,13899400000000.0,13899400000000.0,0.0
2018-03-31,ECONOMICS:USM2,13958000000000.0,13958000000000.0,13958000000000.0,13958000000000.0,0.0
2018-04-30,ECONOMICS:USM2,13980700000000.0,13980700000000.0,13980700000000.0,13980700000000.0,0.0
2018-05-31,ECONOMICS:USM2,14046200000000.0,14046200000000.0,14046200000000.0,14046200000000.0,0.0
2018-06-30,ECONOMICS:USM2,14107100000000.0,14107100000000.0,14107100000000.0,14107100000000.0,0.0
2018-07-31,ECONOMICS:USM2,14145300000000.0,14145300000000.0,14145300000000.0,14145300000000.0,0.0
2018-08-31,ECONOMICS:USM2,14193200000000.0,14193200000000.0,14193200000000.0,14193200000000.0,0.0
2018-09-30,ECONOMICS:USM2,14224600000000.0,14224600000000.0,14224600000000.0,14224600000000.0,0.0
2018-10-31,ECONOMICS:USM2,14234700000000.0,14234700000000.0,14234700000000.0,14234700000000.0,0.0
2018-11-30,ECONOMICS:USM2,14245000000000.0,14245000000000.0,14245000000000.0,14245000000000.0,0.0
2018-12-31,ECONOMICS:USM2,14355300000000.0,14355300000000.0,14355300000000.0,14355300000000.0,0.0
2019-01-31,ECONOMICS:USM2,14417100000000.0,14417100000000.0,14417100000000.0,14417100000000.0,0.0
2019-02-28,ECONOMICS:USM2,14454400000000.0,14454400000000.0,14454400000000.0,14454400000000.0,0.0
2019-03-31,ECONOMICS:USM2,14496700000000.0,14496700000000.0,14496700000000.0,14496700000000.0,0.0
2019-04-30,ECONOMICS:USM2,14531000000000.0,14531000000000.0,14531000000000.0,14531000000000.0,0.0
2019-05-31,ECONOMICS:USM2,14643400000000.0,14643400000000.0,14643400000000.0,14643400000000.0,0.0
2019-06-30,ECONOMICS:USM2,14765400000000.0,14765400000000.0,14765400000000.0,14765400000000.0,0.0
2019-07-31,ECONOMICS:USM2,14847200000000.0,14847200000000.0,14847200000000.0,14847200000000.0,0.0
2019-08-31,ECONOMICS:USM2,14928800000000.0,14928800000000.0,14928800000000.0,14928800000000.0,0.0
2019-09-30,ECONOMICS:USM2,15019900000000.0,15019900000000.0,15019900000000.0,15019900000000.0,0.0
2019-10-31,ECONOMICS:USM2,15154500000000.0,15154500000000.0,15154500000000.0,15154500000000.0,0.0
2019-11-30,ECONOMICS:USM2,15252600000000.0,15252600000000.0,15252600000000.0,15252600000000.0,0.0
2019-12-31,ECONOMICS:USM2,15313700000000.0,15313700000000.0,15313700000000.0,15313700000000.0,0.0
2020-01-31,ECONOMICS:USM2,15380600000000.0,15380600000000.0,15380600000000.0,15380600000000.0,0.0
2020-02-29,ECONOMICS:USM2,15432300000000.0,15432300000000.0,15432300000000.0,15432300000000.0,0.0
2020-03-31,ECONOMICS:USM2,15962000000000.0,15962000000000.0,15962000000000.0,15962000000000.0,0.0
2020-04-30,ECONOMICS:USM2,16983900000000.002,16983900000000.002,16983900000000.002,16983900000000.002,0.0
2020-05-31,ECONOMICS:USM2,17850900000000.0,17850900000000.0,17850900000000.0,17850900000000.0,0.0
2020-06-30,ECONOMICS:USM2,18142800000000.0,18142800000000.0,18142800000000.0,18142800000000.0,0.0
2020-07-31,ECONOMICS:USM2,18293300000000.0,18293300000000.0,18293300000000.0,18293300000000.0,0.0
2020-08-31,ECONOMICS:USM2,18365200000000.0,18365200000000.0,18365200000000.0,18365200000000.0,0.0
2020-09-30,ECONOMICS:USM2,18591400000000.0,18591400000000.0,18591400000000.0,18591400000000.0,0.0
2020-10-31,ECONOMICS:USM2,18743500000000.0,18743500000000.0,18743500000000.0,18743500000000.0,0.0
2020-11-30,ECONOMICS:USM2,18959300000000.0,18959300000000.0,18959300000000.0,18959300000000.0,0.0
2020-12-31,ECONOMICS:USM2,19097500000000.0,19097500000000.0,19097500000000.0,19097500000000.0,0.0
2021-01-31,ECONOMICS:USM2,19323500000000.0,19323500000000.0,19323500000000.0,19323500000000.0,0.0
2021-02-28,ECONOMICS:USM2,19560900000000.0,19560900000000.0,19560900000000.0,19560900000000.0,0.0
2021-03-31,ECONOMICS:USM2,19800200000000.0,19800200000000.0,19800200000000.0,19800200000000.0,0.0
2021-04-30,ECONOMICS:USM2,20125600000000.0,20125600000000.0,20125600000000.0,20125600000000.0,0.0
2021-05-31,ECONOMICS:USM2,20429900000000.0,20429900000000.0,20429900000000.0,20429900000000.0,0.0
2021-06-30,ECONOMICS:USM2,20473400000000.0,20473400000000.0,20473400000000.0,20473400000000.0,0.0
2021-07-31,ECONOMICS:USM2,20625300000000.0,20625300000000.0,20625300000000.0,20625300000000.0,0.0
2021-08-31,ECONOMICS:USM2,20836000000000.0,20836000000000.0,20836000000000.0,20836000000000.0,0.0
2021-09-30,ECONOMICS:USM2,20965800000000.0,20965800000000.0,20965800000000.0,20965800000000.0,0.0
2021-10-31,ECONOMICS:USM2,21146200000000.0,21146200000000.0,21146200000000.0,21146200000000.0,0.0
2021-11-30,ECONOMICS:USM2,21320400000000.0,21320400000000.0,21320400000000.0,21320400000000.0,0.0
2021-12-31,ECONOMICS:USM2,21500400000000.0,21500400000000.0,21500400000000.0,21500400000000.0,0.0
2022-01-31,ECONOMICS:USM2,21558800000000.0,21558800000000.0,21558800000000.0,21558800000000.0,0.0
2022-02-28,ECONOMICS:USM2,21615000000000.0,21615000000000.0,21615000000000.0,21615000000000.0,0.0
2022-03-31,ECONOMICS:USM2,21721000000000.0,21721000000000.0,21721000000000.0,21721000000000.0,0.0
2022-04-30,ECONOMICS:USM2,21722300000000.0,21722300000000.0,21722300000000.0,21722300000000.0,0.0
2022-05-31,ECONOMICS:USM2,21691500000000.0,21691500000000.0,21691500000000.0,21691500000000.0,0.0
2022-06-30,ECONOMICS:USM2,21650400000000.0,21650400000000.0,21650400000000.0,21650400000000.0,0.0
2022-07-31,ECONOMICS:USM2,21642900000000.0,21642900000000.0,21642900000000.0,21642900000000.0,0.0
2022-08-31,ECONOMICS:USM2,21619000000000.0,21619000000000.0,21619000000000.0,21619000000000.0,0.0
2022-09-30,ECONOMICS:USM2,21539100000000.0,21539100000000.0,21539100000000.0,21539100000000.0,0.0
2022-10-31,ECONOMICS:USM2,21471500000000.0,21471500000000.0,21471500000000.0,21471500000000.0,0.0
2022-11-30,ECONOMICS:USM2,21405200000000.0,21405200000000.0,21405200000000.0,21405200000000.0,0.0
2022-12-31,ECONOMICS:USM2,21309300000000.0,21309300000000.0,21309300000000.0,21309300000000.0,0.0
2023-01-31,ECONOMICS:USM2,21222800000000.0,21222800000000.0,21222800000000.0,21222800000000.0,0.0
2023-02-28,ECONOMICS:USM2,21150700000000.0,21150700000000.0,21150700000000.0,21150700000000.0,0.0
2023-03-31,ECONOMICS:USM2,20902800000000.0,20902800000000.0,20902800000000.0,20902800000000.0,0.0
2023-04-30,ECONOMICS:USM2,20744900000000.0,20744900000000.0,20744900000000.0,20744900000000.0,0.0
2023-05-31,ECONOMICS:USM2,20837600000000.0,20837600000000.0,20837600000000.0,20837600000000.0,0.0
2023-06-30,ECONOMICS:USM2,20820300000000.0,20820300000000.0,20820300000000.0,20820300000000.0,0.0
2023-07-31,ECONOMICS:USM2,20793200000000.0,20793200000000.0,20793200000000.0,20793200000000.0,0.0
2023-08-31,ECONOMICS:USM2,20765400000000.0,20765400000000.0,20765400000000.0,20765400000000.0,0.0
2023-09-30,ECONOMICS:USM2,20711000000000.0,20711000000000.0,20711000000000.0,20711000000000.0,0.0
2023-10-31,ECONOMICS:USM2,20691700000000.0,20691700000000.0,20691700000000.0,20691700000000.0,0.0
2023-11-30,ECONOMICS:USM2,20705200000000.0,20705200000000.0,20705200000000.0,20705200000000.0,0.0
2023-12-31,ECONOMICS:USM2,20754000000000.0,20754000000000.0,20754000000000.0,20754000000000.0,0.0
2024-01-31,ECONOMICS:USM2,20754200000000.0,20754200000000.0,20754200000000.0,20754200000000.0,0.0
2024-02-29,ECONOMICS:USM2,20748600000000.0,20748600000000.0,20748600000000.0,20748600000000.0,0.0
2024-03-31,ECONOMICS:USM2,20841200000000.0,20841200000000.0,20841200000000.0,20841200000000.0,0.0
2024-04-30,ECONOMICS:USM2,20870200000000.0,20870200000000.0,20870200000000.0,20870200000000.0,0.0
2024-05-31,ECONOMICS:USM2,20963400000000.0,20963400000000.0,20963400000000.0,20963400000000.0,0.0
2024-06-30,ECONOMICS:USM2,21024700000000.0,21024700000000.0,21024700000000.0,21024700000000.0,0.0
2024-07-31,ECONOMICS:USM2,21058900000000.0,21058900000000.0,21058900000000.0,21058900000000.0,0.0
2024-08-31,ECONOMICS:USM2,21141200000000.0,21141200000000.0,21141200000000.0,21141200000000.0,0.0
2024-09-30,ECONOMICS:USM2,21222700000000.0,21222700000000.0,21222700000000.0,21222700000000.0,0.0
2024-10-31,ECONOMICS:USM2,21311200000000.0,21311200000000.0,21311200000000.0,21311200000000.0,0.0
2024-11-30,ECONOMICS:USM2,21447600000000.0,21447600000000.0,21447600000000.0,21447600000000.0,0.0
2024-12-31,ECONOMICS:USM2,21549300000000.0,21549300000000.0,21549300000000.0,21549300000000.0,0.0
2025-01-31,ECONOMICS:USM2,21561400000000.0,21561400000000.0,21561400000000.0,21561400000000.0,0.0
2025-02-28,ECONOMICS:USM2,21670500000000.0,21670500000000.0,21670500000000.0,21670500000000.0,0.0
2025-03-31,ECONOMICS:USM2,21706800000000.0,21706800000000.0,21706800000000.0,21706800000000.0,0.0
2025-04-30,ECONOMICS:USM2,21862400000000.0,21862400000000.0,21862400000000.0,21862400000000.0,0.0
2025-05-31,ECONOMICS:USM2,21883600000000.0,21883600000000.0,21883600000000.0,21883600000000.0,0.0
2025-06-30,ECONOMICS:USM2,22020800000000.0,22020800000000.0,22020800000000.0,22020800000000.0,0.0
2025-07-31,ECONOMICS:USM2,22115400000000.0,22115400000000.0,22115400000000.0,22115400000000.0,0.0
2025-08-31,ECONOMICS:USM2,22108400000000.0,22108400000000.0,22108400000000.0,22108400000000.0,0.0
2025-09-30,ECONOMICS:USM2,22212500000000.0,22212500000000.0,22212500000000.0,22212500000000.0,0.0
2025-10-31,ECONOMICS:USM2,22298100000000.0,22298100000000.0,22298100000000.0,22298100000000.0,0.0
2025-11-30,ECONOMICS:USM2,22322100000000.0,22322100000000.0,22322100000000.0,22322100000000.0,0.0
2025-12-31,ECONOMICS:USM2,22366200000000.0,22366200000000.0,22366200000000.0,22366200000000.0,0.0
2026-01-31,ECONOMICS:USM2,22442100000000.0,22442100000000.0,22442100000000.0,22442100000000.0,0.0
2026-02-28,ECONOMICS:USM2,22627300000000.0,22627300000000.0,22627300000000.0,22627300000000.0,0.0
2026-03-31,ECONOMICS:USM2,22686400000000.0,22686400000000.0,22686400000000.0,22686400000000.0,0.0
2026-04-30,ECONOMICS:USM2,22804500000000.0,22804500000000.0,22804500000000.0,22804500000000.0,0.0
2026-05-31,ECONOMICS:USM2,23055600000000.0,23055600000000.0,23055600000000.0,23055600000000.0,0.0
2026-06-30,ECONOMICS:USM2,23155200000000.0,23155200000000.0,23155200000000.0,23155200000000.0,0.0
